,country,Year,Poverty rate (no unit),GDP per hours worked (USD/hour),Income Inequality (no unit),Employment Rate (no unit),Hours worked per year (hours/year),Average Wage (USD)
0,AUT,2007,0.097,63.814049,0.284,69.875,1606.0,50814.3254362109
1,AUT,2008,0.093,63.814456,0.28,70.825,1599.0,51677.7103028473
2,AUT,2009,0.096,63.363388,0.289,70.325,1558.0,52578.2720365933
3,AUT,2010,0.089,64.291488,0.28,70.775,1552.0,52334.2945796686
4,AUT,2011,0.091,64.94796,0.281,71.1,1557.0,51755.1160926445
5,AUT,2012,0.096,65.645538,0.276,71.425,1535.0,52070.6677358327
6,AUT,2013,0.09,66.080679,0.28,71.4,1520.0,52128.1355266082
7,AUT,2014,0.091,66.327394,0.274,71.075,1510.0,52309.6551884715
8,AUT,2015,0.087,67.267651,0.275,71.1,1495.0,52686.0439604668
9,AUT,2016,0.098,67.184974,0.284,71.55,1507.0,53169.9778598907
10,AUT,2017,0.094,67.999464,0.275,72.2,1498.0,53136.3529599885
11,AUT,2018,0.094,68.360281,0.28,73.025,1502.0,53325.4860218118
12,AUT,2019,0.1,68.276785,0.274,73.525,1509.0,53690.0313784628
13,BEL,2018,0.082,71.700122,0.258,64.45,1580.0,55387.6952980387
14,BEL,2019,0.081,72.2193,0.262,65.3,1576.0,56021.805353764
15,CZE,2004,0.058,31.147574,0.267,64.175,1814.0,21353.3771851193
16,CZE,2005,0.055,32.765277,0.261,64.8,1803.0,21980.5698655897
17,CZE,2006,0.056,34.781571,0.26,65.275,1789.0,22861.8470075485
18,CZE,2007,0.055,36.256014,0.256,66.075,1775.0,23545.2859012626
19,CZE,2008,0.059,36.139167,0.259,66.55,1790.0,23672.7315081023
20,CZE,2009,0.06,35.303035,0.257,65.375,1779.0,23578.2215729613
21,CZE,2010,0.065,36.128328,0.26,64.975,1799.0,24309.3725221021
22,CZE,2011,0.059,36.734795,0.257,65.725,1805.0,24508.1196216401
23,CZE,2012,0.052,36.886973,0.254,66.55,1776.0,24557.7123489149
24,CZE,2013,0.059,37.004724,0.259,67.725,1764.0,24404.4136289563
25,CZE,2014,0.059,37.432375,0.257,68.975,1774.0,24920.5383274656
26,CZE,2015,0.064,39.390083,0.258,70.225,1751.0,25660.2261687109
27,CZE,2016,0.056,39.251558,0.253,71.95,1774.0,26574.9058253501
28,CZE,2017,0.056,40.595969,0.249,73.625,1776.0,27930.6903631665
29,CZE,2018,0.061,41.152718,0.249,74.825,1785.0,29420.908126491
30,CZE,2019,0.056,42.263727,0.248,75.125,1784.0,30354.8487119961
31,DNK,2011,0.058,66.165566,0.251,71.625,1437.0,54643.7976544649
32,DNK,2012,0.054,67.430176,0.249,71.025,1423.0,54570.0756807942
33,DNK,2013,0.054,67.960405,0.254,70.775,1426.0,54924.954335293
34,DNK,2014,0.055,69.036988,0.256,71.1,1414.0,55975.8913486461
35,DNK,2015,0.055,70.022816,0.263,71.975,1407.0,56959.8436897856
36,DNK,2016,0.058,70.856515,0.261,72.675,1412.0,57043.3903425065
37,DNK,2017,0.061,72.180878,0.264,73.225,1404.0,57355.1151555023
38,DNK,2018,0.064,73.769587,0.263,74.125,1381.0,57794.204719732
39,FIN,1987,0.052,33.730281,0.209,NaN,1690.0,NaN
40,FIN,1988,0.056,35.290565,0.213,NaN,1694.0,NaN
41,FIN,1989,0.057,36.666578,0.217,NaN,1694.0,NaN
42,FIN,1990,0.056,37.54624,0.215,NaN,1671.0,35085.3348842999
43,FIN,1991,0.054,37.838024,0.212,NaN,1652.0,35514.1865826891
44,FIN,1992,0.05,39.207823,0.211,NaN,1652.0,34989.6726217428
45,FIN,1993,0.042,41.346917,0.214,NaN,1651.0,33771.1614562379
46,FIN,1994,0.042,43.178352,0.215,NaN,1671.0,34260.481649836
47,FIN,1995,0.042,43.940799,0.22,NaN,1677.0,35612.0703848347
48,FIN,1996,0.046,44.848465,0.224,NaN,1675.0,36429.5839392504
49,FIN,1997,0.048,46.233053,0.235,NaN,1671.0,36465.6972375822
50,FIN,1998,0.05,48.089855,0.243,64.05,1661.0,37436.0651233826
51,FIN,1999,0.052,49.182399,0.25,66.275,1661.0,38311.2668588559
52,FIN,2000,0.053,51.309839,0.254,67.15,1650.0,38969.023992333
53,FIN,2001,0.063,52.287908,0.262,68.125,1636.0,39174.0057562552
54,FIN,2002,0.062,52.788651,0.258,68.075,1628.0,39384.4608592046
55,FIN,2003,0.056,53.884684,0.261,67.7,1623.0,40132.9575901584
56,FIN,2004,0.065,55.707489,0.266,67.65,1624.0,41457.5046170601
57,FIN,2005,0.066,56.779062,0.265,68.375,1613.0,42356.7698606704
58,FIN,2006,0.069,58.155532,0.268,69.35,1608.0,43246.501132967
59,FIN,2007,0.078,60.024417,0.269,70.3,1605.0,43831.342288816
60,FIN,2008,0.079,59.322583,0.264,71.05,1601.0,44204.2691129914
61,FIN,2009,0.074,56.695101,0.259,67.9,1580.0,44586.3665579335
62,FIN,2010,0.072,58.669818,0.264,67.15,1585.0,45211.0434454361
63,FIN,2011,0.075,59.482446,0.264,68.0,1578.0,45233.4544959247
64,FIN,2012,0.065,58.526417,0.26,68.45,1568.0,45280.204117747
65,FIN,2013,0.071,58.741949,0.262,68.075,1560.0,44836.441529201
66,FIN,2014,0.068,58.857955,0.257,67.95,1558.0,44837.4445180097
67,FIN,2015,0.063,59.336748,0.26,67.55,1555.0,45194.1776085612
68,FIN,2016,0.058,60.730655,0.259,68.225,1555.0,45588.3582599615
69,FIN,2017,0.063,62.258937,0.266,69.075,1549.0,45338.7564886381
70,FIN,2018,0.065,61.547286,0.269,71.15,1546.0,45770.8422682442
71,FRA,2012,0.085,63.316137,0.305,64.375,1541.0,44552.4695964852
72,FRA,2013,0.079,64.173601,0.291,64.375,1526.0,44926.6938878833
73,FRA,2014,0.081,64.791079,0.293,64.525,1518.0,45236.7715370061
74,FRA,2015,0.081,65.316731,0.295,64.7,1519.0,45679.6770089977
75,FRA,2016,0.083,65.499243,0.291,65.0,1522.0,46214.2570421327
76,FRA,2017,0.081,66.881126,0.292,65.55,1508.0,46852.3529811014
77,FRA,2018,0.085,67.155153,0.301,66.15,1514.0,46866.5200153424
78,FRA,2019,0.084,67.417144,0.292,66.375,1511.0,47112.3891580859
79,DEU,2008,0.09,61.593702,0.285,70.1,1447.3,46632.7284690971
80,DEU,2011,0.087,62.706421,0.291,71.775,1426.9,48025.5752898189
81,DEU,2012,0.084,63.093299,0.289,72.05,1408.0,48682.5488749339
82,DEU,2013,0.091,63.392823,0.292,72.525,1396.5,49158.7072422073
83,DEU,2014,0.095,64.049842,0.289,72.8,1400.4,50001.0288195043
84,DEU,2015,0.101,64.376152,0.293,73.0,1401.0,51171.5310086437
85,DEU,2016,0.104,65.248665,0.294,73.675,1395.6,51901.8195564621
86,DEU,2017,0.104,66.411797,0.289,74.25,1389.1,52454.1460775367
87,DEU,2018,0.098,66.438174,0.289,74.9,1386.9,53220.549493405
88,GRC,2004,0.12,39.452811,0.333,59.075,1974.0,32666.8366823915
89,GRC,2005,0.129,38.333434,0.345,59.625,2025.0,32556.9421362933
90,GRC,2006,0.127,39.9746,0.337,60.55,2015.0,32945.9042059286
91,GRC,2007,0.132,41.019547,0.329,60.875,2001.0,32951.8768047206
92,GRC,2008,0.129,40.446927,0.328,61.425,1997.0,32440.7162066568
93,GRC,2009,0.129,39.400232,0.33,60.675,1973.0,33973.9316641425
94,GRC,2010,0.141,39.042632,0.336,58.85,1931.0,32421.798286579
95,GRC,2011,0.151,36.290422,0.333,54.85,1950.0,30363.4283852056
96,GRC,2012,0.149,34.410406,0.338,50.425,1990.0,28597.4445918803
97,GRC,2013,0.151,33.622669,0.342,48.475,1997.0,26728.894495666
98,GRC,2014,0.148,33.42498,0.339,49.225,1949.0,26622.2384560015
99,GRC,2015,0.149,34.620332,0.34,50.7,1935.0,26885.9516720609
100,GRC,2016,0.144,33.18184,0.333,51.775,1943.0,26267.5963676882
101,GRC,2017,0.126,33.647617,0.319,53.225,1947.0,26418.3391833541
102,GRC,2018,0.121,32.410775,0.306,54.525,1965.0,26680.2868759527
103,GRC,2019,0.115,33.475251,0.308,56.125,1920.0,27010.0396057715
104,HUN,2006,0.072,33.072538,0.264,57.35,1813.9,22524.4993744111
105,HUN,2007,0.065,33.89389,0.257,57.025,1787.8,22359.8349259684
106,HUN,2008,0.059,34.790217,0.246,56.4,1791.2,22673.6840751635
107,HUN,2009,0.061,33.741979,0.241,57.2,1758.2,21380.8203533787
108,HUN,2010,0.073,34.179123,0.266,57.05,1766.4,21662.6952143837
109,HUN,2011,0.077,35.080159,0.269,57.55,1753.7,21941.2070303564
110,HUN,2012,0.085,34.628284,0.279,58.625,1738.3,21209.5651859382
111,HUN,2013,0.086,34.899918,0.286,60.125,1733.6,20987.2063523599
112,HUN,2014,0.087,34.490434,0.281,63.65,1748.6,20712.044616937
113,HUN,2015,0.085,35.041117,0.284,65.85,1745.9,20871.6903108638
114,HUN,2016,0.077,34.246099,0.28,68.525,1760.2,21061.8024863744
115,HUN,2017,0.08,35.29112,0.289,70.175,1747.4,22586.13445313
116,HUN,2018,0.087,36.720453,0.28,71.4,1729.9,23720.56899299
117,HUN,2019,0.092,38.138306,0.286,72.225,1722.2,24470.7998075188
118,IRL,2004,0.134,61.65624,0.323,66.275,1875.0,41092.7821313562
119,IRL,2005,0.116,61.878739,0.324,67.625,1883.0,42602.7196320922
120,IRL,2006,0.114,62.235474,0.316,68.675,1879.0,42978.751166833
121,IRL,2007,0.096,63.259955,0.304,71.725,1865.0,44179.198161641
122,IRL,2008,0.091,61.498228,0.295,69.65,1844.0,46006.7541244281
123,IRL,2009,0.088,64.448589,0.312,63.625,1812.0,49607.3961393321
124,IRL,2010,0.091,71.96792,0.298,60.95,1721.0,49665.2436776463
125,IRL,2011,0.1,73.674205,0.307,60.025,1737.0,49137.6406305789
126,IRL,2012,0.094,73.983774,0.31,59.9,1738.0,48665.031322557
127,IRL,2013,0.095,72.541196,0.312,61.75,1743.0,47437.3221038251
128,IRL,2014,0.093,76.196282,0.298,63.125,1757.0,47141.7989549465
129,IRL,2015,0.098,91.344744,0.298,64.7,1771.0,47133.7827292424
130,IRL,2016,0.091,90.260453,0.309,66.425,1763.0,47811.6851203225
131,IRL,2017,0.09,94.816963,0.295,67.575,1775.0,48375.9194517704
132,IRL,2018,0.074,99.808717,0.292,68.475,1782.0,48586.2310145431
133,ITA,2004,0.122,52.754499,0.331,57.725,1814.6,39818.4196982932
134,ITA,2005,0.126,52.990201,0.324,57.575,1811.1,40350.1182421924
135,ITA,2006,0.123,52.873541,0.324,58.325,1811.9,40601.7151894201
136,ITA,2007,0.119,52.833352,0.313,58.575,1817.7,40585.2957626633
137,ITA,2008,0.119,52.532095,0.317,58.65,1806.5,40537.8311391993
138,ITA,2009,0.12,51.485627,0.315,56.9,1775.2,40845.5315456669
139,ITA,2010,0.134,52.656139,0.327,56.25,1776.8,41193.9435646766
140,ITA,2011,0.128,53.011615,0.327,56.35,1772.6,40534.4044387933
141,ITA,2012,0.13,52.728249,0.33,56.075,1733.6,39254.8579837149
142,ITA,2013,0.133,53.147359,0.325,54.95,1719.1,39377.5808340605
143,ITA,2014,0.137,53.189636,0.326,55.275,1716.3,39530.6734636606
144,ITA,2015,0.144,53.221214,0.333,56.025,1717.5,39878.4517833871
145,ITA,2016,0.137,53.057615,0.327,57.05,1721.7,40192.9359760561
146,ITA,2017,0.139,53.399887,0.334,57.875,1719.2,39933.7782410307
147,ITA,2018,0.142,53.393274,0.33,58.5,1719.4,39984.835445086
148,LUX,2015,0.109,99.777819,0.306,66.15,1514.0,66247.4582756739
149,LUX,2016,0.111,101.763319,0.305,65.575,1512.0,66392.7655867676
150,LUX,2017,0.122,100.25682,0.327,66.275,1506.0,67392.8625925938
151,LUX,2018,0.114,98.602591,0.318,67.1,1506.0,67447.7599313664
152,LUX,2019,0.105,98.573992,0.305,67.95,1506.0,66839.504420292
153,NLD,2011,0.072,66.274742,0.294,75.7,1420.0,57601.3887209118
154,NLD,2012,0.074,66.176095,0.293,75.9,1411.0,57834.8362382269
155,NLD,2013,0.078,66.678971,0.287,75.1,1415.0,58035.1675814156
156,NLD,2014,0.077,67.172705,0.305,74.65,1426.0,57728.6864839393
157,NLD,2015,0.077,67.832959,0.305,75.65,1426.0,58402.5413039778
158,NLD,2016,0.081,67.727181,0.292,76.375,1437.0,58603.7305266581
159,NLD,2017,0.079,68.095551,0.298,77.375,1437.0,58171.0255356831
160,NLD,2018,0.078,67.876916,0.295,78.7,1436.0,57581.3765270484
161,NLD,2019,0.082,67.760713,0.296,79.7,1440.0,57474.5458086939
162,POL,2005,0.124,26.785275,0.327,52.775,1855.0,21996.4845110157
163,POL,2006,0.11,27.626061,0.315,54.45,1850.0,22139.2430554731
164,POL,2007,0.096,28.304503,0.315,57.025,1850.0,22849.7029460017
165,POL,2008,0.107,28.474998,0.307,59.225,1846.0,24069.8666402046
166,POL,2009,0.108,29.36572,0.303,57.175,1834.0,24006.8531436516
167,POL,2010,0.107,31.346088,0.304,56.975,1831.0,24687.9147398017
168,POL,2011,0.106,32.81389,0.301,57.45,1822.0,24657.947290003
169,POL,2012,0.104,33.210826,0.298,58.0,1822.0,24406.4036465033
170,POL,2013,0.106,33.701293,0.299,58.425,1817.0,24671.2251179612
171,POL,2014,0.104,34.154157,0.297,60.2,1822.0,25197.7378991008
172,POL,2015,0.111,34.314904,0.291,61.6,1862.0,25854.4755586001
173,POL,2016,0.103,35.702255,0.285,63.45,1831.0,27144.6525145949
174,POL,2017,0.096,37.402839,0.275,65.25,1808.0,28294.2608185384
175,POL,2018,0.098,39.697197,0.281,66.675,1785.0,30212.1776262265
176,PRT,2004,0.132,34.873034,0.383,67.65,1748.0,28310.6407345386
177,PRT,2005,0.126,35.267262,0.378,67.3,1750.0,28148.1283058489
178,PRT,2006,0.124,35.925218,0.368,67.625,1739.0,27536.4308439154
179,PRT,2007,0.128,36.484824,0.36,67.6,1755.0,27719.6847578631
180,PRT,2008,0.113,36.718742,0.354,68.025,1743.0,27630.7290963327
181,PRT,2009,0.116,36.568904,0.336,62.975,1743.0,28912.9663135127
182,PRT,2010,0.109,37.676862,0.341,62.25,1746.0,28791.8067311264
183,PRT,2011,0.114,38.253287,0.337,61.85,1724.0,28095.9684388303
184,PRT,2012,0.13,38.624047,0.337,59.325,1708.0,26889.5257691353
185,PRT,2013,0.135,39.167282,0.341,58.825,1718.0,27405.6799140251
186,PRT,2014,0.135,38.770072,0.338,61.2,1725.0,26934.7435585112
187,PRT,2015,0.125,38.765602,0.336,62.8,1732.0,26854.7824639493
188,PRT,2016,0.125,38.80674,0.331,64.225,1737.0,26699.0750431604
189,PRT,2017,0.107,39.115124,0.32,66.95,1727.0,26819.6956570045
190,PRT,2018,0.104,39.068634,0.317,69.025,1738.0,27263.3186320833
191,PRT,2019,0.106,39.642999,0.31,69.85,1745.0,27977.8727594158
192,SVK,2004,0.083,29.479993,0.267,56.975,1742.0,15626.3041281839
193,SVK,2005,0.072,30.452689,0.289,57.7,1769.0,16588.6551834978
194,SVK,2006,0.065,32.274833,0.251,59.425,1774.0,17160.7012382722
195,SVK,2007,0.069,34.710742,0.246,60.7,1791.0,18212.6352297401
196,SVK,2008,0.072,35.458834,0.257,62.25,1793.0,18398.4523388091
197,SVK,2009,0.079,34.443626,0.267,61.85,1780.0,19028.1902557617
198,SVK,2010,0.08,36.662848,0.265,60.425,1805.0,19857.6626283858
199,SVK,2011,0.082,37.224208,0.262,61.0,1793.0,19688.5859056811
200,SVK,2012,0.085,37.794361,0.251,61.375,1789.0,19436.8973748489
201,SVK,2013,0.085,38.717119,0.27,61.575,1772.0,19589.6626505586
202,SVK,2014,0.088,39.486602,0.247,62.7,1760.0,19980.1835432243
203,SVK,2015,0.085,40.869041,0.25,64.525,1754.0,20770.9306869627
204,SVK,2016,0.085,41.019355,0.241,66.7,1740.0,21429.7972808673
205,SVK,2017,0.073,41.962499,0.22,68.075,1714.0,22071.9063755831
206,SVK,2018,0.077,42.94424,0.236,69.55,1704.0,22692.3963800056
207,SVK,2019,0.078,43.915066,0.222,70.425,1692.0,23437.8341806932
208,ESP,2007,0.144,46.335693,0.313,65.8,1701.3,38053.4313380871
209,ESP,2008,0.146,46.455022,0.327,64.475,1710.1,39398.4459845668
210,ESP,2009,0.148,47.574562,0.333,59.95,1715.8,41882.8217124587
211,ESP,2010,0.139,48.783989,0.339,58.85,1705.8,41485.9217785613
212,ESP,2011,0.147,49.504172,0.341,58.025,1710.7,40743.4977284177
213,ESP,2012,0.141,50.45889,0.334,55.75,1696.7,39605.7231631446
214,ESP,2013,0.159,51.186839,0.345,54.825,1689.8,39607.5491422686
215,ESP,2014,0.153,51.339305,0.343,56.0,1690.6,39484.1401956281
216,ESP,2015,0.153,51.745407,0.344,57.8,1694.2,40072.2009864528
217,ESP,2016,0.156,51.978712,0.341,59.55,1701.5,39844.8654865722
218,ESP,2017,0.148,52.431783,0.333,61.1,1692.4,39325.9436907519
219,ESP,2018,0.142,52.314162,0.33,62.4,1698.9,39032.6393520738
220,ESP,2019,0.147,52.401553,0.32,63.3,1687.7,39054.6761544944
221,SWE,2013,0.086,65.583048,0.268,73.95,1464.0,43552.2269056241
222,SWE,2014,0.09,66.351351,0.274,74.425,1465.0,44066.0424889516
223,SWE,2015,0.092,68.27252,0.278,75.025,1466.0,44719.090412452
224,SWE,2016,0.091,67.864029,0.282,75.725,1478.0,45423.0343565982
225,SWE,2017,0.093,68.496433,0.282,76.325,1466.0,45680.5134360005
226,SWE,2018,0.089,68.72116,0.275,76.85,1466.0,45916.5839424171
227,SWE,2019,0.093,70.343745,0.28,76.575,1452.0,46417.9753348127
228,EST,2013,0.158,34.255974,0.356,69.175,1777.0,22326.7107882809
229,EST,2014,0.157,35.138109,0.346,70.225,1771.0,23528.107980173
230,EST,2015,0.16,34.947358,0.33,72.075,1763.0,24633.060399567
231,EST,2016,0.158,35.864899,0.314,72.4,1767.0,24932.2835687872
232,EST,2017,0.158,36.927656,0.309,74.5,1768.0,26417.3581993049
233,EST,2018,0.163,39.076217,0.305,75.05,1724.0,27919.8352648357
234,EST,2019,0.149,40.473334,0.305,75.55,1711.0,29948.4043811778
235,SVN,2004,0.079,34.599443,0.241,65.275,1736.5,32012.9688846243
236,SVN,2005,0.071,36.938074,0.24,65.95,1696.6,33232.9225539187
237,SVN,2006,0.074,39.128271,0.237,66.55,1667.4,34323.215087887
238,SVN,2007,0.079,40.808356,0.238,67.75,1654.9,35081.1216460331
239,SVN,2008,0.079,40.752803,0.234,68.575,1673.5,35608.5179281152
240,SVN,2009,0.083,38.181149,0.245,67.075,1679.0,35926.5793703328
241,SVN,2010,0.091,39.491962,0.245,65.525,1680.3,36976.1109988297
242,SVN,2011,0.086,40.925467,0.243,63.825,1663.4,36856.7846021919
243,SVN,2012,0.095,40.691154,0.249,63.575,1644.3,35730.420177285
244,SVN,2013,0.095,40.292879,0.254,62.775,1662.2,35193.4141089646
245,SVN,2014,0.093,40.753894,0.251,63.4,1681.8,35879.2655017795
246,SVN,2015,0.092,40.981064,0.25,64.65,1687.3,36635.9479194711
247,SVN,2016,0.086,42.404997,0.244,65.325,1652.4,38048.9341606502
248,SVN,2017,0.085,44.000646,0.243,68.725,1621.5,38705.8105759538
249,SVN,2018,0.075,45.1561,0.249,70.55,1598.7,39376.8734926802
250,SVN,2019,0.074,45.42766,0.246,71.275,1601.4,40532.8461694317
251,LVA,2004,0.142,24.43295,0.364,61.025,1643.0,13677.70226828
252,LVA,2005,0.176,26.442685,0.391,62.15,1666.0,15913.1906767399
253,LVA,2006,0.146,27.961343,0.35,65.9,1668.0,17548.7899981849
254,LVA,2007,0.186,30.061651,0.375,68.125,1643.0,21649.1386886051
255,LVA,2008,0.191,27.525735,0.375,68.225,1751.0,22341.1366451901
256,LVA,2009,0.141,28.267079,0.354,60.05,1707.0,20159.1131642526
257,LVA,2010,0.133,29.187427,0.346,58.2,1692.0,19384.645386867
258,LVA,2011,0.129,29.23211,0.351,60.575,1707.0,18697.68003208
259,LVA,2012,0.133,31.115666,0.346,62.775,1692.0,19472.2205560886
260,LVA,2013,0.145,31.137564,0.351,64.85,1686.0,20444.0754138898
261,LVA,2014,0.164,31.992581,0.349,66.125,1695.0,21899.3039520145
262,LVA,2015,0.162,33.403752,0.346,68.05,1663.0,23741.7527119903
263,LVA,2016,0.167,34.278257,0.346,68.575,1664.0,25153.5621291168
264,LVA,2017,0.166,35.726824,0.355,69.975,1650.0,26127.7969021104
265,LVA,2018,0.175,36.376781,0.351,71.725,1661.0,27106.5668664325
266,LVA,2019,0.162,38.000804,0.344,72.225,1631.0,28644.528894967
267,LTU,2004,0.137,26.015947,0.349,NaN,1659.0,16524.1540435889
268,LTU,2005,0.145,27.815226,0.352,62.85,1659.0,18260.9107087177
269,LTU,2006,0.136,30.039651,0.328,63.625,1655.0,20913.9705666423
270,LTU,2007,0.132,32.198426,0.337,65.0,1681.0,22279.3052379733
271,LTU,2008,0.146,32.963896,0.357,64.4,1707.0,22599.6466934655
272,LTU,2009,0.15,31.54323,0.365,59.875,1645.0,19692.5264643864
273,LTU,2010,0.127,32.830639,0.329,57.55,1697.0,19741.5301631059
274,LTU,2011,0.126,35.09795,0.321,60.2,1674.0,20176.8387629195
275,LTU,2012,0.143,35.814127,0.35,62.025,1672.0,20517.4685193106
276,LTU,2013,0.124,36.91694,0.351,63.725,1657.0,21321.4614306002
277,LTU,2014,0.157,37.615436,0.38,65.65,1650.0,22267.7306779893
278,LTU,2015,0.165,37.326012,0.372,67.25,1673.0,23714.9011300426
279,LTU,2016,0.168,36.953394,0.378,69.375,1694.0,24981.5571757992
280,LTU,2017,0.173,39.682168,0.374,70.375,1657.0,26382.371107254
281,LTU,2018,0.155,40.536245,0.361,72.4,1664.0,27572.3834502782
282,LTU,2019,0.154,42.122569,0.357,72.975,1665.0,29695.4026117346
283,AUT,1995,NaN,51.105772,NaN,NaN,1653.0,45952.8670777328
284,AUT,1996,NaN,51.175266,NaN,NaN,1683.0,45628.6027110581
285,AUT,1997,NaN,51.62205,NaN,NaN,1691.0,45227.5798086875
286,AUT,1998,NaN,53.568424,NaN,NaN,1671.0,46686.6362023384
287,AUT,1999,NaN,54.513967,NaN,68.525,1675.0,47726.933898762
288,AUT,2000,NaN,55.825179,NaN,68.5,1675.0,47860.0986214107
289,AUT,2001,NaN,56.533555,NaN,68.375,1663.0,47714.711314757
290,AUT,2002,NaN,57.591558,NaN,68.75,1661.0,48453.1637884007
291,AUT,2003,NaN,58.071618,NaN,68.95,1652.0,48581.8194610465
292,AUT,2004,NaN,59.181589,NaN,66.525,1655.0,49484.4436736349
293,AUT,2005,NaN,60.63234,NaN,67.4,1632.0,49763.891701897
294,AUT,2006,NaN,62.218785,NaN,68.575,1617.0,50524.506564447
295,AUT,2020,NaN,69.760137,NaN,71.725,1400.0,53131.8472601512
296,BEL,1970,NaN,27.497166,NaN,NaN,1883.2,NaN
297,BEL,1971,NaN,28.485856,NaN,NaN,1873.4,NaN
298,BEL,1972,NaN,30.468756,NaN,NaN,1847.5,NaN
299,BEL,1973,NaN,32.532014,NaN,NaN,1820.1,NaN
300,BEL,1974,NaN,33.924965,NaN,NaN,1791.9,NaN
301,BEL,1975,NaN,34.141031,NaN,NaN,1782.7,NaN
302,BEL,1976,NaN,36.207479,NaN,NaN,1785.5,NaN
303,BEL,1977,NaN,37.115528,NaN,NaN,1759.8,NaN
304,BEL,1978,NaN,38.507129,NaN,NaN,1743.0,NaN
305,BEL,1979,NaN,39.422417,NaN,NaN,1726.6,NaN
306,BEL,1980,NaN,41.729091,NaN,NaN,1706.5,NaN
307,BEL,1981,NaN,42.974937,NaN,NaN,1683.4,NaN
308,BEL,1982,NaN,44.17632,NaN,NaN,1669.0,NaN
309,BEL,1983,NaN,44.7383,NaN,NaN,1674.9,NaN
310,BEL,1984,NaN,45.213096,NaN,NaN,1699.0,NaN
311,BEL,1985,NaN,45.575369,NaN,NaN,1705.0,NaN
312,BEL,1986,NaN,46.657876,NaN,NaN,1685.0,NaN
313,BEL,1987,NaN,47.821332,NaN,NaN,1669.9,NaN
314,BEL,1988,NaN,49.479833,NaN,NaN,1657.9,NaN
315,BEL,1989,NaN,50.695138,NaN,NaN,1648.9,NaN
316,BEL,1990,NaN,51.285906,NaN,NaN,1662.9,43271.9619113889
317,BEL,1991,NaN,53.247397,NaN,NaN,1625.8,45174.1667647885
318,BEL,1992,NaN,54.911491,NaN,NaN,1602.7,46624.4713756495
319,BEL,1993,NaN,56.284298,NaN,NaN,1558.6,47603.7793088088
320,BEL,1994,NaN,58.348072,NaN,NaN,1558.6,48527.8309553806
321,BEL,1995,NaN,58.593596,NaN,NaN,1578.0,48363.4964937424
322,BEL,1996,NaN,59.324556,NaN,NaN,1575.0,48971.4639416815
323,BEL,1997,NaN,60.888272,NaN,NaN,1582.0,49593.7397022466
324,BEL,1998,NaN,61.322735,NaN,NaN,1574.0,49621.631242538
325,BEL,1999,NaN,62.591788,NaN,59.3,1575.0,52390.4274061264
326,BEL,2000,NaN,63.08917,NaN,60.525,1589.0,51921.816962016
327,BEL,2001,NaN,63.233672,NaN,59.95,1581.0,52081.9379392926
328,BEL,2002,NaN,63.667303,NaN,59.9,1594.0,53422.8940119239
329,BEL,2003,NaN,64.204011,NaN,59.6,1598.0,53743.6339194443
330,BEL,2004,NaN,66.278551,NaN,60.35,1588.0,53463.2312244709
331,BEL,2005,NaN,67.287921,NaN,61.075,1578.0,52969.1503587303
332,BEL,2006,NaN,67.637137,NaN,61.0,1592.0,53327.4499316515
333,BEL,2007,NaN,68.887444,NaN,62.025,1594.0,53224.860382965
334,BEL,2008,NaN,68.464336,NaN,62.4,1582.0,53452.9296076202
335,BEL,2009,NaN,68.020751,NaN,61.6,1563.0,54193.8290817752
336,BEL,2010,NaN,69.053627,NaN,62.025,1574.0,53969.0247192277
337,BEL,2011,NaN,68.581978,NaN,61.925,1590.0,54520.1406100755
338,BEL,2012,NaN,68.923207,NaN,61.825,1587.0,54950.8724902214
339,BEL,2013,NaN,69.517696,NaN,61.8,1586.0,55503.3675184005
340,BEL,2014,NaN,70.513657,NaN,61.9,1582.0,55808.7979316441
341,BEL,2015,NaN,71.604653,NaN,61.8,1575.0,55427.2863649154
342,BEL,2016,NaN,71.674769,NaN,62.3,1574.0,55525.9899435912
343,BEL,2017,NaN,71.534022,NaN,63.125,1578.0,55130.1819736769
344,BEL,2020,NaN,74.487852,NaN,64.45,1481.0,54326.5981747548
345,CZE,1993,NaN,21.584056,NaN,NaN,1857.0,NaN
346,CZE,1994,NaN,22.182228,NaN,NaN,1839.0,NaN
347,CZE,1995,NaN,23.555989,NaN,NaN,1832.0,14072.7147771638
348,CZE,1996,NaN,24.464831,NaN,NaN,1829.0,15520.1914903333
349,CZE,1997,NaN,24.396092,NaN,NaN,1838.0,15763.0970340134
350,CZE,1998,NaN,24.433029,NaN,67.325,1861.0,15760.0232220167
351,CZE,1999,NaN,24.918613,NaN,65.625,1891.0,16388.8472746364
352,CZE,2000,NaN,25.998047,NaN,64.975,1900.0,17001.467460402
353,CZE,2001,NaN,27.994158,NaN,65.025,1823.0,17878.2515488835
354,CZE,2002,NaN,28.429678,NaN,65.425,1812.0,18960.8504177632
355,CZE,2003,NaN,29.901424,NaN,64.725,1799.0,20406.5427297657
356,CZE,2020,NaN,42.444763,NaN,74.4,1705.0,29884.5888161355
357,CZE,2021,NaN,42.573113,NaN,74.4,NaN,NaN
358,DNK,1970,NaN,27.472263,NaN,NaN,1845.0,NaN
359,DNK,1971,NaN,28.866758,NaN,NaN,1810.0,NaN
360,DNK,1972,NaN,30.399818,NaN,NaN,1752.0,NaN
361,DNK,1973,NaN,32.058011,NaN,NaN,1710.0,NaN
362,DNK,1974,NaN,32.263526,NaN,NaN,1691.0,NaN
363,DNK,1975,NaN,33.589438,NaN,NaN,1617.0,NaN
364,DNK,1976,NaN,34.830328,NaN,NaN,1624.0,NaN
365,DNK,1977,NaN,36.121419,NaN,NaN,1598.0,NaN
366,DNK,1978,NaN,37.157283,NaN,NaN,1575.0,NaN
367,DNK,1979,NaN,38.436488,NaN,NaN,1564.0,NaN
368,DNK,1980,NaN,38.140141,NaN,NaN,1577.0,NaN
369,DNK,1981,NaN,39.262832,NaN,NaN,1546.0,NaN
370,DNK,1982,NaN,40.358549,NaN,NaN,1553.0,NaN
371,DNK,1983,NaN,41.560958,NaN,NaN,1546.0,NaN
372,DNK,1984,NaN,42.8173,NaN,NaN,1541.0,NaN
373,DNK,1985,NaN,43.900178,NaN,NaN,1527.0,NaN
374,DNK,1986,NaN,44.851916,NaN,NaN,1531.0,NaN
375,DNK,1987,NaN,45.762837,NaN,NaN,1493.0,NaN
376,DNK,1988,NaN,46.660917,NaN,NaN,1471.0,NaN
377,DNK,1989,NaN,47.63771,NaN,NaN,1455.0,NaN
378,DNK,1990,NaN,49.031726,NaN,NaN,1441.0,42121.6290413028
379,DNK,1991,NaN,50.313361,NaN,NaN,1437.0,42315.8336025697
380,DNK,1992,NaN,51.179633,NaN,NaN,1452.0,43776.5976944339
381,DNK,1993,NaN,52.15734,NaN,NaN,1449.0,44254.8835756581
382,DNK,1994,NaN,55.487238,NaN,NaN,1407.0,42666.0579433195
383,DNK,1995,NaN,56.312932,NaN,NaN,1419.0,43561.5484857321
384,DNK,1996,NaN,57.655533,NaN,NaN,1412.0,44359.0156031489
385,DNK,1997,NaN,58.073442,NaN,NaN,1428.0,45071.0233653229
386,DNK,1998,NaN,58.006556,NaN,NaN,1441.0,45870.5836675736
387,DNK,1999,NaN,58.597376,NaN,76.05,1456.0,46386.7769660791
388,DNK,2000,NaN,59.954667,NaN,76.25,1466.0,46360.0732481077
389,DNK,2001,NaN,59.743007,NaN,76.2,1469.0,46668.8445134325
390,DNK,2002,NaN,60.234191,NaN,75.875,1463.0,47742.3257266107
391,DNK,2003,NaN,61.228274,NaN,75.125,1458.0,48934.1832474341
392,DNK,2004,NaN,63.183454,NaN,75.675,1458.0,50030.8665366715
393,DNK,2005,NaN,64.048343,NaN,75.9,1451.0,50878.9370953566
394,DNK,2006,NaN,64.892447,NaN,77.375,1456.0,51745.2357634446
395,DNK,2007,NaN,65.012119,NaN,77.0,1433.0,52309.1761870157
396,DNK,2008,NaN,64.044269,NaN,76.325,1430.0,53017.211201936
397,DNK,2009,NaN,63.453957,NaN,73.525,1417.0,54302.6336273298
398,DNK,2010,NaN,65.937261,NaN,71.8,1422.0,54928.3171318432
399,DNK,2019,NaN,74.832812,NaN,75.0,1381.0,57967.3139494302
400,DNK,2020,NaN,75.406175,NaN,74.425,1346.0,58429.6521388968
401,FIN,1970,NaN,17.891602,NaN,NaN,1918.0,NaN
402,FIN,1971,NaN,18.769753,NaN,NaN,1884.0,NaN
403,FIN,1972,NaN,20.19845,NaN,NaN,1869.0,NaN
404,FIN,1973,NaN,21.394049,NaN,NaN,1853.0,NaN
405,FIN,1974,NaN,22.072285,NaN,NaN,1848.0,NaN
406,FIN,1975,NaN,23.448613,NaN,NaN,1779.0,NaN
407,FIN,1976,NaN,23.786178,NaN,NaN,1776.0,NaN
408,FIN,1977,NaN,24.380215,NaN,NaN,1769.0,NaN
409,FIN,1978,NaN,25.257122,NaN,NaN,1774.0,NaN
410,FIN,1979,NaN,26.824261,NaN,NaN,1751.0,NaN
411,FIN,1980,NaN,27.771568,NaN,NaN,1732.0,NaN
412,FIN,1981,NaN,27.779305,NaN,NaN,1726.0,NaN
413,FIN,1982,NaN,28.581813,NaN,NaN,1719.0,NaN
414,FIN,1983,NaN,29.73621,NaN,NaN,1709.0,NaN
415,FIN,1984,NaN,30.670306,NaN,NaN,1705.0,NaN
416,FIN,1985,NaN,31.718514,NaN,NaN,1699.0,NaN
417,FIN,1986,NaN,33.029039,NaN,NaN,1683.0,NaN
418,FIN,2019,NaN,61.454045,NaN,72.0,1539.0,46248.5762458008
419,FIN,2020,NaN,61.518782,NaN,71.175,1531.0,46229.570198901
420,FRA,1970,NaN,23.895838,NaN,NaN,1993.0,NaN
421,FRA,1971,NaN,25.08375,NaN,NaN,1990.0,NaN
422,FRA,1972,NaN,26.770467,NaN,NaN,1937.0,NaN
423,FRA,1973,NaN,28.316172,NaN,NaN,1920.0,NaN
424,FRA,1974,NaN,29.760027,NaN,NaN,1888.0,NaN
425,FRA,1975,NaN,30.117225,NaN,NaN,1863.0,NaN
426,FRA,1976,NaN,30.736344,NaN,NaN,1889.0,NaN
427,FRA,1977,NaN,32.177911,NaN,NaN,1850.0,NaN
428,FRA,1978,NaN,33.831663,NaN,NaN,1819.0,NaN
429,FRA,1979,NaN,34.864781,NaN,NaN,1816.0,NaN
430,FRA,1980,NaN,35.437723,NaN,NaN,1806.0,NaN
431,FRA,1981,NaN,36.265538,NaN,NaN,1786.0,NaN
432,FRA,1982,NaN,38.617471,NaN,NaN,1714.0,NaN
433,FRA,1983,NaN,39.556884,NaN,NaN,1696.0,NaN
434,FRA,1984,NaN,40.521273,NaN,NaN,1690.0,NaN
435,FRA,1985,NaN,42.149867,NaN,NaN,1654.0,NaN
436,FRA,1986,NaN,43.080524,NaN,NaN,1648.0,NaN
437,FRA,1987,NaN,43.50535,NaN,NaN,1659.0,NaN
438,FRA,1988,NaN,44.910327,NaN,NaN,1667.0,NaN
439,FRA,1989,NaN,46.511042,NaN,NaN,1651.0,NaN
440,FRA,1990,NaN,47.626606,NaN,NaN,1645.0,34779.553800201
441,FRA,1991,NaN,48.223343,NaN,NaN,1638.0,35182.9108112945
442,FRA,1992,NaN,49.384037,NaN,NaN,1635.0,35576.979010678
443,FRA,1993,NaN,49.843589,NaN,NaN,1627.0,35989.3764923616
444,FRA,1994,NaN,50.872062,NaN,NaN,1623.0,36137.6494858234
445,FRA,1995,NaN,52.137055,NaN,NaN,1601.0,36676.7956154132
446,FRA,1996,NaN,52.705155,NaN,NaN,1597.0,36779.1987687957
447,FRA,1997,NaN,53.577234,NaN,NaN,1596.0,37192.511516323
448,FRA,1998,NaN,54.902497,NaN,NaN,1585.0,37763.6773965466
449,FRA,1999,NaN,55.693666,NaN,NaN,1578.0,38596.8540006405
450,FRA,2000,NaN,57.168797,NaN,NaN,1558.0,38782.1155835131
451,FRA,2001,NaN,58.238429,NaN,NaN,1538.0,39027.4067529322
452,FRA,2002,NaN,59.938668,NaN,NaN,1504.0,40080.973866655
453,FRA,2003,NaN,60.280773,NaN,64.425,1507.0,40405.5055288181
454,FRA,2004,NaN,60.946954,NaN,64.225,1531.0,41068.0709646522
455,FRA,2005,NaN,61.487911,NaN,64.15,1532.0,41561.9605502097
456,FRA,2006,NaN,63.018745,NaN,64.15,1515.0,42027.7128210275
457,FRA,2007,NaN,62.723395,NaN,64.725,1537.0,42184.5668291047
458,FRA,2008,NaN,62.323215,NaN,65.3,1543.0,42102.2967323037
459,FRA,2009,NaN,61.685771,NaN,64.425,1531.0,43441.63850086
460,FRA,2010,NaN,62.484285,NaN,64.375,1540.0,44324.9511611263
461,FRA,2011,NaN,63.109941,NaN,64.3,1546.0,44255.6792311367
462,FRA,2020,NaN,67.655544,NaN,66.1,1402.0,45580.7045304337
463,FRA,2021,NaN,67.113151,NaN,67.25,NaN,NaN
464,DEU,1970,NaN,24.997145,NaN,NaN,NaN,NaN
465,DEU,1971,NaN,26.088089,NaN,NaN,NaN,NaN
466,DEU,1972,NaN,27.388072,NaN,NaN,NaN,NaN
467,DEU,1973,NaN,28.785134,NaN,NaN,NaN,NaN
468,DEU,1974,NaN,29.947238,NaN,NaN,NaN,NaN
469,DEU,1975,NaN,31.074,NaN,NaN,NaN,NaN
470,DEU,1976,NaN,32.522757,NaN,NaN,NaN,NaN
471,DEU,1977,NaN,33.862079,NaN,NaN,NaN,NaN
472,DEU,1978,NaN,34.907447,NaN,NaN,NaN,NaN
473,DEU,1979,NaN,35.906958,NaN,NaN,NaN,NaN
474,DEU,1980,NaN,36.209255,NaN,NaN,NaN,NaN
475,DEU,1981,NaN,36.81123,NaN,NaN,NaN,NaN
476,DEU,1982,NaN,37.192097,NaN,NaN,NaN,NaN
477,DEU,1983,NaN,38.412381,NaN,NaN,NaN,NaN
478,DEU,1984,NaN,39.426925,NaN,NaN,NaN,NaN
479,DEU,1985,NaN,40.336667,NaN,NaN,NaN,NaN
480,DEU,1986,NaN,40.947861,NaN,NaN,NaN,NaN
481,DEU,1987,NaN,41.507998,NaN,NaN,NaN,NaN
482,DEU,1988,NaN,42.578714,NaN,NaN,NaN,NaN
483,DEU,1989,NaN,44.060484,NaN,NaN,NaN,NaN
484,DEU,1990,NaN,45.617388,NaN,NaN,NaN,NaN
485,DEU,1991,NaN,47.203373,NaN,NaN,1554.1,40190.8651370532
486,DEU,1992,NaN,48.408308,NaN,NaN,1565.1,42561.7646308136
487,DEU,1993,NaN,49.35082,NaN,NaN,1540.2,42844.2547655193
488,DEU,1994,NaN,50.628,NaN,NaN,1536.6,42937.8809719562
489,DEU,1995,NaN,51.390581,NaN,NaN,1530.6,43852.9365835218
490,DEU,1996,NaN,52.255597,NaN,NaN,1516.8,44362.984969703
491,DEU,1997,NaN,53.53631,NaN,NaN,1507.7,44181.0579403052
492,DEU,1998,NaN,54.081496,NaN,NaN,1504.5,44722.7416990888
493,DEU,1999,NaN,54.695538,NaN,NaN,1491.5,45326.9059987319
494,DEU,2000,NaN,56.051436,NaN,NaN,1465.9,45583.7242601558
495,DEU,2001,NaN,57.4591,NaN,NaN,1458.2,45929.7420664934
496,DEU,2002,NaN,57.991792,NaN,NaN,1448.9,46206.9408845997
497,DEU,2003,NaN,58.437853,NaN,NaN,1443.4,46361.3964338503
498,DEU,2004,NaN,58.970058,NaN,NaN,1442.6,46363.3180368231
499,DEU,2005,NaN,59.900695,NaN,65.45,1432.4,46553.2012381216
500,DEU,2006,NaN,60.858653,NaN,67.15,1453.2,46546.4614941587
501,DEU,2007,NaN,61.577685,NaN,68.975,1454.1,46415.4101855891
502,DEU,2009,NaN,59.739676,NaN,69.375,1405.0,46645.9630877211
503,DEU,2010,NaN,61.116778,NaN,70.3,1425.7,47054.1004687921
504,DEU,2019,NaN,66.682355,NaN,75.65,1382.8,54041.3564696298
505,DEU,2020,NaN,66.937949,NaN,76.15579,1331.7,53744.9986010753
506,DEU,2021,NaN,67.558698,NaN,75.775,NaN,NaN
507,GRC,1983,NaN,26.77867,NaN,NaN,2072.0,NaN
508,GRC,1984,NaN,28.323496,NaN,NaN,2003.0,NaN
509,GRC,1985,NaN,28.083133,NaN,NaN,2020.0,NaN
510,GRC,1986,NaN,28.286112,NaN,NaN,2009.0,NaN
511,GRC,1987,NaN,28.249824,NaN,NaN,1968.0,NaN
512,GRC,1988,NaN,29.140711,NaN,NaN,1957.0,NaN
513,GRC,1989,NaN,29.53317,NaN,NaN,1997.0,NaN
514,GRC,1990,NaN,29.461007,NaN,NaN,1976.0,NaN
515,GRC,1991,NaN,30.471233,NaN,NaN,2005.0,NaN
516,GRC,1992,NaN,29.861671,NaN,NaN,2031.0,NaN
517,GRC,1993,NaN,28.857861,NaN,NaN,2051.0,NaN
518,GRC,1994,NaN,29.3672,NaN,NaN,2018.0,NaN
519,GRC,1995,NaN,29.968877,NaN,NaN,2001.0,20853.9053614045
520,GRC,1996,NaN,31.018777,NaN,NaN,2000.0,21070.7797270181
521,GRC,1997,NaN,32.570105,NaN,NaN,1998.0,23441.6854533788
522,GRC,1998,NaN,32.398392,NaN,55.975,1999.0,25381.445627518
523,GRC,1999,NaN,33.449735,NaN,55.9,1995.0,25782.6174026155
524,GRC,2000,NaN,34.595292,NaN,56.45,1998.0,27247.192440852
525,GRC,2001,NaN,36.002957,NaN,56.325,1992.0,28163.2134523513
526,GRC,2002,NaN,36.668949,NaN,57.375,1984.0,30725.9237336929
527,GRC,2003,NaN,38.283271,NaN,58.5,1983.0,32076.8820218096
528,GRC,2020,NaN,34.262803,NaN,53.675,1728.0,27207.3239886219
529,HUN,1991,NaN,16.709361,NaN,NaN,2048.0,NaN
530,HUN,1992,NaN,18.085615,NaN,NaN,2002.0,NaN
531,HUN,1993,NaN,19.18435,NaN,NaN,2002.0,NaN
532,HUN,1994,NaN,18.828924,NaN,NaN,2142.0,NaN
533,HUN,1995,NaN,21.758345,NaN,NaN,1948.0,14716.6235805729
534,HUN,1996,NaN,21.841212,NaN,NaN,1946.0,14722.0570256971
535,HUN,1997,NaN,22.206701,NaN,NaN,1954.3,15085.3530086525
536,HUN,1998,NaN,22.974597,NaN,NaN,1945.1,15430.6354999022
537,HUN,1999,NaN,23.133427,NaN,55.55,1952.4,15497.1692507389
538,HUN,2000,NaN,24.269494,NaN,56.225,1932.4,16211.9558256321
539,HUN,2001,NaN,25.669038,NaN,56.2,1897.8,17442.0231180681
540,HUN,2002,NaN,27.129321,NaN,56.225,1883.6,18314.6683957083
541,HUN,2003,NaN,28.111433,NaN,57.025,1856.3,19785.9115877671
542,HUN,2004,NaN,29.798399,NaN,56.75,1858.6,21165.5271762645
543,HUN,2005,NaN,31.723352,NaN,56.9,1834.1,22095.7765743746
544,HUN,2020,NaN,39.28036,NaN,71.95,1660.3,25408.61292954
545,HUN,2021,NaN,39.133986,NaN,73.075,NaN,NaN
546,IRL,1970,NaN,15.537211,NaN,NaN,2335.0,NaN
547,IRL,1971,NaN,16.010355,NaN,NaN,2318.0,NaN
548,IRL,1972,NaN,17.413104,NaN,NaN,2297.0,NaN
549,IRL,1973,NaN,18.07774,NaN,NaN,2285.0,NaN
550,IRL,1974,NaN,18.887292,NaN,NaN,2248.0,NaN
551,IRL,1975,NaN,20.201159,NaN,NaN,2239.0,NaN
552,IRL,1976,NaN,20.718599,NaN,NaN,2233.0,NaN
553,IRL,1977,NaN,22.021204,NaN,NaN,2203.0,NaN
554,IRL,1978,NaN,23.554185,NaN,NaN,2184.0,NaN
555,IRL,1979,NaN,23.330179,NaN,NaN,2162.0,NaN
556,IRL,1980,NaN,24.719989,NaN,NaN,2123.0,NaN
557,IRL,1981,NaN,26.001971,NaN,NaN,2091.0,NaN
558,IRL,1982,NaN,26.796167,NaN,NaN,2084.0,NaN
559,IRL,1983,NaN,27.100678,NaN,NaN,2074.0,NaN
560,IRL,1984,NaN,29.062939,NaN,NaN,2056.0,NaN
561,IRL,1985,NaN,29.988647,NaN,NaN,2063.0,NaN
562,IRL,1986,NaN,29.549105,NaN,NaN,2097.0,NaN
563,IRL,1987,NaN,31.049471,NaN,NaN,2077.0,NaN
564,IRL,1988,NaN,32.526546,NaN,NaN,2085.0,NaN
565,IRL,1989,NaN,34.337223,NaN,NaN,2092.0,NaN
566,IRL,1990,NaN,35.880888,NaN,NaN,2081.0,26664.1910379053
567,IRL,1991,NaN,37.322428,NaN,NaN,2046.0,27766.6323605475
568,IRL,1992,NaN,39.193069,NaN,NaN,1998.0,28924.1048331146
569,IRL,1993,NaN,40.183005,NaN,NaN,1971.0,30357.3355684508
570,IRL,1994,NaN,41.157405,NaN,NaN,1971.0,30551.7886430669
571,IRL,1995,NaN,43.185972,NaN,NaN,1963.0,31093.8573227631
572,IRL,1996,NaN,44.912418,NaN,NaN,1954.0,31542.7060466838
573,IRL,1997,NaN,47.969646,NaN,NaN,1954.0,33300.1918888205
574,IRL,1998,NaN,48.971985,NaN,NaN,1953.0,35255.423439484
575,IRL,1999,NaN,51.131435,NaN,NaN,1942.0,36050.1370830212
576,IRL,2000,NaN,53.79148,NaN,65.15,1933.0,36886.407876656
577,IRL,2001,NaN,55.197634,NaN,65.825,1924.0,38203.4365801934
578,IRL,2002,NaN,58.128995,NaN,65.45,1904.0,38522.0316947383
579,IRL,2003,NaN,59.332231,NaN,65.5,1887.0,39759.3884314574
580,IRL,2019,NaN,102.388449,NaN,69.45,1771.0,49509.0271779156
581,IRL,2020,NaN,111.837194,NaN,66.55,1746.0,49473.5528423192
582,IRL,2021,NaN,119.965149,NaN,NaN,NaN,NaN
583,ITA,1970,NaN,25.305962,NaN,NaN,NaN,NaN
584,ITA,1971,NaN,26.437245,NaN,NaN,NaN,NaN
585,ITA,1972,NaN,27.746945,NaN,NaN,NaN,NaN
586,ITA,1973,NaN,29.55267,NaN,NaN,NaN,NaN
587,ITA,1974,NaN,31.189027,NaN,NaN,NaN,NaN
588,ITA,1975,NaN,30.761898,NaN,NaN,NaN,NaN
589,ITA,1976,NaN,32.659556,NaN,NaN,NaN,NaN
590,ITA,1977,NaN,34.014961,NaN,NaN,NaN,NaN
591,ITA,1978,NaN,35.189797,NaN,NaN,NaN,NaN
592,ITA,1979,NaN,37.006682,NaN,NaN,NaN,NaN
593,ITA,1980,NaN,37.709445,NaN,NaN,NaN,NaN
594,ITA,1981,NaN,37.930318,NaN,NaN,NaN,NaN
595,ITA,1982,NaN,37.77805,NaN,NaN,NaN,NaN
596,ITA,1983,NaN,38.111703,NaN,NaN,NaN,NaN
597,ITA,1984,NaN,39.562281,NaN,NaN,NaN,NaN
598,ITA,1985,NaN,40.363743,NaN,NaN,NaN,NaN
599,ITA,1986,NaN,41.048174,NaN,NaN,NaN,NaN
600,ITA,1987,NaN,41.833545,NaN,NaN,NaN,NaN
601,ITA,1988,NaN,43.041769,NaN,NaN,NaN,NaN
602,ITA,1989,NaN,44.572499,NaN,NaN,NaN,NaN
603,ITA,1990,NaN,45.001814,NaN,NaN,NaN,38893.4280472174
604,ITA,1991,NaN,45.022633,NaN,NaN,NaN,39220.176451678
605,ITA,1992,NaN,45.652707,NaN,NaN,NaN,39182.2070009401
606,ITA,1993,NaN,46.516213,NaN,NaN,NaN,38578.6716734558
607,ITA,1994,NaN,48.470113,NaN,NaN,NaN,38079.0988214321
608,ITA,1995,NaN,49.907066,NaN,NaN,1856.2,37245.4432311566
609,ITA,1996,NaN,49.964089,NaN,NaN,1866.2,37548.6328972198
610,ITA,1997,NaN,50.886196,NaN,NaN,1859.9,38619.2892099363
611,ITA,1998,NaN,50.921112,NaN,51.925,1873.1,38744.8195393774
612,ITA,1999,NaN,51.279218,NaN,52.675,1869.9,39191.1840278942
613,ITA,2000,NaN,52.751834,NaN,53.7,1850.2,39175.2821562418
614,ITA,2001,NaN,53.105591,NaN,54.8,1837.6,39448.8254069494
615,ITA,2002,NaN,52.689151,NaN,55.55,1826.2,39169.3539542759
616,ITA,2003,NaN,52.31578,NaN,56.1,1815.1,39063.4423342791
617,ITA,2019,NaN,53.667651,NaN,59.05,1714.7,40145.0764312802
618,ITA,2020,NaN,54.878829,NaN,57.45,1558.7,37769.0960760782
619,ITA,2021,NaN,54.170307,NaN,58.25,NaN,NaN
620,LUX,1970,NaN,46.34691,NaN,NaN,NaN,NaN
621,LUX,1971,NaN,46.191178,NaN,NaN,NaN,NaN
622,LUX,1972,NaN,48.488393,NaN,NaN,NaN,NaN
623,LUX,1973,NaN,52.389258,NaN,NaN,NaN,NaN
624,LUX,1974,NaN,53.828135,NaN,NaN,NaN,NaN
625,LUX,1975,NaN,50.472484,NaN,NaN,NaN,NaN
626,LUX,1976,NaN,51.33199,NaN,NaN,NaN,NaN
627,LUX,1977,NaN,52.926793,NaN,NaN,NaN,NaN
628,LUX,1978,NaN,55.969247,NaN,NaN,NaN,NaN
629,LUX,1979,NaN,57.547685,NaN,NaN,NaN,NaN
630,LUX,1980,NaN,58.183288,NaN,NaN,NaN,NaN
631,LUX,1981,NaN,58.524015,NaN,NaN,NaN,NaN
632,LUX,1982,NaN,59.973709,NaN,NaN,NaN,NaN
633,LUX,1983,NaN,62.175483,NaN,NaN,NaN,NaN
634,LUX,1984,NaN,66.197945,NaN,NaN,NaN,NaN
635,LUX,1985,NaN,66.845557,NaN,NaN,NaN,NaN
636,LUX,1986,NaN,72.187116,NaN,NaN,NaN,NaN
637,LUX,1987,NaN,73.127734,NaN,NaN,NaN,NaN
638,LUX,1988,NaN,76.060635,NaN,NaN,NaN,NaN
639,LUX,1989,NaN,81.277089,NaN,NaN,NaN,NaN
640,LUX,1990,NaN,82.14235,NaN,NaN,NaN,47638.0849533522
641,LUX,1991,NaN,86.739651,NaN,NaN,NaN,48990.1385975245
642,LUX,1992,NaN,87.073564,NaN,NaN,NaN,50291.8051828361
643,LUX,1993,NaN,88.780059,NaN,NaN,NaN,51261.1524106382
644,LUX,1994,NaN,90.948597,NaN,NaN,NaN,52091.6301832521
645,LUX,1995,NaN,89.29036,NaN,NaN,1593.0,52049.854336575
646,LUX,1996,NaN,89.521784,NaN,NaN,1600.0,52856.5098132893
647,LUX,1997,NaN,90.955873,NaN,NaN,1598.0,53679.5069194432
648,LUX,1998,NaN,93.057507,NaN,NaN,1593.0,54005.8578460097
649,LUX,1999,NaN,96.297881,NaN,NaN,1592.0,55239.8340232671
650,LUX,2000,NaN,97.459711,NaN,NaN,1602.0,57100.2061420319
651,LUX,2001,NaN,95.733237,NaN,NaN,1586.0,57692.514528292
652,LUX,2002,NaN,96.465052,NaN,NaN,1581.0,58874.668145495
653,LUX,2003,NaN,97.170243,NaN,62.2,1579.0,58614.0845569448
654,LUX,2004,NaN,98.973858,NaN,62.5,1578.0,59436.6300969912
655,LUX,2005,NaN,99.957636,NaN,63.6,1550.0,59505.0926032255
656,LUX,2006,NaN,102.035068,NaN,63.6,1552.0,60312.1130879641
657,LUX,2007,NaN,104.743364,NaN,64.15,1566.0,61899.599170367
658,LUX,2008,NaN,99.685834,NaN,63.425,1567.0,61626.4121219145
659,LUX,2009,NaN,99.484621,NaN,65.2,1517.0,63344.6645188323
660,LUX,2010,NaN,101.160094,NaN,65.2,1517.0,63916.5579495403
661,LUX,2011,NaN,99.378768,NaN,64.625,1515.0,62955.1802968511
662,LUX,2012,NaN,98.989858,NaN,65.85,1508.0,62450.6523609851
663,LUX,2013,NaN,100.800784,NaN,65.725,1503.0,63058.362909457
664,LUX,2014,NaN,100.550424,NaN,66.625,1506.0,65379.0812699051
665,LUX,2020,NaN,100.861,NaN,67.25,1427.0,65854.0113373947
666,LUX,2021,NaN,107.42966,NaN,NaN,NaN,NaN
667,NLD,1970,NaN,30.197071,NaN,NaN,1809.0,NaN
668,NLD,1971,NaN,31.745281,NaN,NaN,1777.0,NaN
669,NLD,1972,NaN,32.764277,NaN,NaN,1775.0,NaN
670,NLD,1973,NaN,34.936802,NaN,NaN,1749.0,NaN
671,NLD,1974,NaN,37.310879,NaN,NaN,1696.0,NaN
672,NLD,1975,NaN,38.565128,NaN,NaN,1644.0,NaN
673,NLD,1976,NaN,40.493105,NaN,NaN,1628.0,NaN
674,NLD,1977,NaN,41.742758,NaN,NaN,1608.0,NaN
675,NLD,1978,NaN,42.907563,NaN,NaN,1580.0,NaN
676,NLD,1979,NaN,43.442551,NaN,NaN,1559.0,NaN
677,NLD,1980,NaN,44.115423,NaN,NaN,1556.0,NaN
678,NLD,1981,NaN,43.966274,NaN,NaN,1556.0,NaN
679,NLD,1982,NaN,44.48092,NaN,NaN,1542.0,NaN
680,NLD,1983,NaN,46.257534,NaN,NaN,1527.0,NaN
681,NLD,1984,NaN,47.535747,NaN,NaN,1519.0,NaN
682,NLD,1985,NaN,48.407746,NaN,NaN,1502.0,NaN
683,NLD,1986,NaN,49.06844,NaN,NaN,1488.0,NaN
684,NLD,1987,NaN,49.668798,NaN,NaN,1467.0,NaN
685,NLD,1988,NaN,50.569019,NaN,NaN,1464.0,NaN
686,NLD,1989,NaN,51.599894,NaN,NaN,1459.0,NaN
687,NLD,1990,NaN,52.346308,NaN,NaN,1454.0,50948.0526068636
688,NLD,1991,NaN,52.977604,NaN,NaN,1444.0,51331.3628850956
689,NLD,1992,NaN,52.877723,NaN,NaN,1451.0,51595.1635731809
690,NLD,1993,NaN,53.725864,NaN,NaN,1440.0,52478.0047292831
691,NLD,1994,NaN,54.669954,NaN,NaN,1447.0,52854.2622898816
692,NLD,1995,NaN,53.830722,NaN,NaN,1482.0,51819.604672067
693,NLD,1996,NaN,54.029715,NaN,NaN,1496.0,51642.6509566356
694,NLD,1997,NaN,55.222705,NaN,NaN,1482.0,51813.0614399377
695,NLD,1998,NaN,56.578693,NaN,NaN,1479.0,50161.3284532778
696,NLD,1999,NaN,57.827451,NaN,NaN,1477.0,51097.0657342877
697,NLD,2000,NaN,59.696492,NaN,72.95,1464.0,52370.9716205327
698,NLD,2001,NaN,60.299505,NaN,74.125,1454.0,53147.0608432683
699,NLD,2002,NaN,60.739628,NaN,74.4,1436.0,53327.022171792
700,NLD,2003,NaN,61.541637,NaN,73.65,1428.0,53704.8939175605
701,NLD,2004,NaN,62.603024,NaN,73.125,1448.0,54564.008995857
702,NLD,2005,NaN,64.097939,NaN,70.625,1434.0,54565.0725478266
703,NLD,2006,NaN,65.051296,NaN,71.575,1430.0,54457.1218788386
704,NLD,2007,NaN,65.632495,NaN,73.45,1429.0,55235.2514398843
705,NLD,2008,NaN,66.009294,NaN,74.925,1429.0,55569.5026926211
706,NLD,2009,NaN,64.520326,NaN,76.175,1420.0,57943.8811751976
707,NLD,2010,NaN,65.852731,NaN,75.45,1420.0,57959.4520914233
708,NLD,2020,NaN,66.988588,NaN,79.3,1399.0,58827.5035366225
709,NLD,2021,NaN,68.468131,NaN,80.15,NaN,NaN
710,POL,1993,NaN,14.578061,NaN,NaN,1901.0,NaN
711,POL,1994,NaN,15.298607,NaN,NaN,1938.0,NaN
712,POL,1995,NaN,16.531734,NaN,NaN,1901.0,16556.4974837401
713,POL,1996,NaN,17.208247,NaN,NaN,1915.0,17865.8579008802
714,POL,1997,NaN,18.108217,NaN,NaN,1910.0,18793.7393784113
715,POL,1998,NaN,18.958022,NaN,NaN,1887.0,19353.860686407
716,POL,1999,NaN,21.182987,NaN,NaN,1827.0,21031.6505693126
717,POL,2000,NaN,22.154027,NaN,54.975,1869.0,21130.9063477895
718,POL,2001,NaN,23.114554,NaN,53.35,1855.0,22338.1563025665
719,POL,2002,NaN,24.384977,NaN,51.475,1850.0,22272.0594165356
720,POL,2003,NaN,25.411615,NaN,51.2,1859.0,22539.4934300052
721,POL,2004,NaN,26.378876,NaN,51.65,1859.0,22041.9676898839
722,POL,2019,NaN,41.688937,NaN,67.525,1781.0,31958.8646972613
723,POL,2020,NaN,40.975613,NaN,67.8,1766.0,32527.0516416767
724,PRT,1970,NaN,15.884268,NaN,NaN,1963.0,NaN
725,PRT,1971,NaN,16.742211,NaN,NaN,1951.0,NaN
726,PRT,1972,NaN,18.288099,NaN,NaN,1939.0,NaN
727,PRT,1973,NaN,20.619838,NaN,NaN,1927.0,NaN
728,PRT,1974,NaN,19.602583,NaN,NaN,1915.0,NaN
729,PRT,1975,NaN,18.01865,NaN,NaN,1904.0,NaN
730,PRT,1976,NaN,19.117042,NaN,NaN,1892.0,NaN
731,PRT,1977,NaN,20.192174,NaN,NaN,1881.0,NaN
732,PRT,1978,NaN,20.934742,NaN,NaN,1870.0,NaN
733,PRT,1979,NaN,21.974077,NaN,NaN,1859.0,NaN
734,PRT,1980,NaN,22.607184,NaN,NaN,1849.0,NaN
735,PRT,1981,NaN,23.001586,NaN,NaN,1838.0,NaN
736,PRT,1982,NaN,23.646247,NaN,NaN,1827.0,NaN
737,PRT,1983,NaN,22.689251,NaN,NaN,1817.0,NaN
738,PRT,1984,NaN,22.454542,NaN,NaN,1806.0,NaN
739,PRT,1985,NaN,23.320772,NaN,NaN,1796.0,NaN
740,PRT,1986,NaN,24.392544,NaN,NaN,1785.0,NaN
741,PRT,1987,NaN,25.088153,NaN,NaN,1799.0,NaN
742,PRT,1988,NaN,26.291719,NaN,NaN,1798.0,NaN
743,PRT,1989,NaN,27.066936,NaN,NaN,1818.0,NaN
744,PRT,1990,NaN,27.707487,NaN,NaN,1806.0,NaN
745,PRT,1991,NaN,29.164906,NaN,NaN,1739.0,NaN
746,PRT,1992,NaN,30.209877,NaN,NaN,1682.0,NaN
747,PRT,1993,NaN,30.169923,NaN,NaN,1684.0,NaN
748,PRT,1994,NaN,30.35293,NaN,NaN,1692.0,NaN
749,PRT,1995,NaN,30.792879,NaN,NaN,1749.0,24992.4127731046
750,PRT,1996,NaN,31.328764,NaN,NaN,1750.0,25916.3002360654
751,PRT,1997,NaN,31.945256,NaN,NaN,1746.0,26594.2885082187
752,PRT,1998,NaN,32.308401,NaN,66.825,1760.0,26931.0994554187
753,PRT,1999,NaN,33.021921,NaN,67.525,1762.0,27847.7894728328
754,PRT,2000,NaN,33.39192,NaN,68.375,1770.0,28228.6354606001
755,PRT,2001,NaN,33.741433,NaN,69.0,1755.0,28343.134433643
756,PRT,2002,NaN,33.986751,NaN,68.775,1749.0,28329.141427626
757,PRT,2003,NaN,34.135504,NaN,68.0,1742.0,28264.6074821099
758,PRT,2020,NaN,40.007212,NaN,68.525,1613.0,28410.0381459127
759,SVK,1995,NaN,18.990242,NaN,NaN,1853.0,11077.0499677282
760,SVK,1996,NaN,20.198215,NaN,NaN,1820.0,11977.0604787853
761,SVK,1997,NaN,21.49578,NaN,NaN,1830.0,13601.0708712827
762,SVK,1998,NaN,22.578373,NaN,NaN,1822.0,14136.7405479847
763,SVK,1999,NaN,23.212316,NaN,58.1,1816.0,13841.9433167126
764,SVK,2000,NaN,23.959307,NaN,56.775,1816.0,14368.4449128181
765,SVK,2001,NaN,24.800374,NaN,56.825,1801.0,14368.4436226573
766,SVK,2002,NaN,26.583416,NaN,56.8,1754.0,15109.9629738844
767,SVK,2003,NaN,28.668581,NaN,57.725,1698.0,15407.0544070801
768,SVK,2020,NaN,46.076361,NaN,69.475,1572.0,23618.9987388768
769,ESP,1970,NaN,19.456709,NaN,NaN,NaN,NaN
770,ESP,1971,NaN,20.254235,NaN,NaN,NaN,NaN
771,ESP,1972,NaN,21.883542,NaN,NaN,NaN,NaN
772,ESP,1973,NaN,23.266107,NaN,NaN,NaN,NaN
773,ESP,1974,NaN,24.326676,NaN,NaN,NaN,NaN
774,ESP,1975,NaN,24.740871,NaN,NaN,NaN,NaN
775,ESP,1976,NaN,25.741652,NaN,NaN,NaN,NaN
776,ESP,1977,NaN,26.69427,NaN,NaN,2036.3,NaN
777,ESP,1978,NaN,27.944322,NaN,NaN,2004.9,NaN
778,ESP,1979,NaN,29.080019,NaN,NaN,1954.3,NaN
779,ESP,1980,NaN,30.842335,NaN,NaN,1936.0,NaN
780,ESP,1981,NaN,32.129102,NaN,NaN,1901.6,NaN
781,ESP,1982,NaN,33.182738,NaN,NaN,1880.3,NaN
782,ESP,1983,NaN,34.482717,NaN,NaN,1847.9,NaN
783,ESP,1984,NaN,36.786388,NaN,NaN,1803.4,NaN
784,ESP,1985,NaN,38.244664,NaN,NaN,1793.3,NaN
785,ESP,1986,NaN,38.769527,NaN,NaN,1785.2,NaN
786,ESP,1987,NaN,39.227079,NaN,NaN,1777.1,NaN
787,ESP,1988,NaN,39.92217,NaN,NaN,1773.0,NaN
788,ESP,1989,NaN,40.663923,NaN,NaN,1760.9,NaN
789,ESP,1990,NaN,40.610334,NaN,NaN,1762.9,35714.9885639942
790,ESP,1991,NaN,40.93923,NaN,NaN,1772.0,36857.2126280692
791,ESP,1992,NaN,42.095182,NaN,NaN,1763.9,38219.1466425834
792,ESP,1993,NaN,43.075286,NaN,NaN,1755.8,38827.6303535086
793,ESP,1994,NaN,44.336893,NaN,NaN,1754.8,39235.3541793084
794,ESP,1995,NaN,44.707713,NaN,NaN,1754.8,38456.0652072193
795,ESP,1996,NaN,45.202826,NaN,NaN,1749.7,38976.5421959654
796,ESP,1997,NaN,45.127254,NaN,NaN,1749.7,39017.0170924806
797,ESP,1998,NaN,44.914611,NaN,NaN,1753.8,39225.5332917929
798,ESP,1999,NaN,44.756285,NaN,53.85,1753.8,39206.2238299561
799,ESP,2000,NaN,44.96434,NaN,56.275,1752.8,38349.3178003556
800,ESP,2001,NaN,45.03635,NaN,57.825,1762.1,38149.0804357446
801,ESP,2002,NaN,45.106207,NaN,58.925,1763.6,38339.7910496485
802,ESP,2003,NaN,45.24043,NaN,60.175,1754.6,38146.7822547178
803,ESP,2004,NaN,45.385456,NaN,61.325,1739.9,37660.4683534974
804,ESP,2005,NaN,45.562728,NaN,63.55,1723.7,37825.0180076595
805,ESP,2006,NaN,45.829181,NaN,65.025,1713.7,37646.3859191017
806,ESP,2020,NaN,52.253121,NaN,60.95,1577.2,37922.2024818766
807,ESP,2021,NaN,51.226547,NaN,62.725,NaN,NaN
808,SWE,1970,NaN,30.206157,NaN,NaN,1565.0,NaN
809,SWE,1971,NaN,31.127651,NaN,NaN,1536.0,NaN
810,SWE,1972,NaN,32.497715,NaN,NaN,1500.0,NaN
811,SWE,1973,NaN,34.000922,NaN,NaN,1485.0,NaN
812,SWE,1974,NaN,34.804306,NaN,NaN,1468.0,NaN
813,SWE,1975,NaN,35.534957,NaN,NaN,1446.0,NaN
814,SWE,1976,NaN,35.500445,NaN,NaN,1455.0,NaN
815,SWE,1977,NaN,35.610328,NaN,NaN,1430.0,NaN
816,SWE,1978,NaN,36.955464,NaN,NaN,1394.0,NaN
817,SWE,1979,NaN,38.157216,NaN,NaN,1384.0,NaN
818,SWE,1980,NaN,38.351998,NaN,NaN,1382.0,NaN
819,SWE,1981,NaN,38.68891,NaN,NaN,1374.0,NaN
820,SWE,1982,NaN,38.877849,NaN,NaN,1387.0,NaN
821,SWE,1983,NaN,39.271798,NaN,NaN,1396.0,NaN
822,SWE,1984,NaN,40.507687,NaN,NaN,1399.0,NaN
823,SWE,1985,NaN,40.87299,NaN,NaN,1402.0,NaN
824,SWE,1986,NaN,41.775158,NaN,NaN,1400.0,NaN
825,SWE,1987,NaN,42.560488,NaN,NaN,1409.0,NaN
826,SWE,1988,NaN,42.515013,NaN,NaN,1427.0,NaN
827,SWE,1989,NaN,43.046645,NaN,NaN,1426.0,NaN
828,SWE,1990,NaN,43.065544,NaN,NaN,1423.0,28839.1880082533
829,SWE,1991,NaN,43.618098,NaN,NaN,1410.0,27466.0093753859
830,SWE,1992,NaN,44.583207,NaN,NaN,1427.0,28326.6692620211
831,SWE,1993,NaN,45.56177,NaN,NaN,1443.0,27955.5176121195
832,SWE,1994,NaN,46.707471,NaN,NaN,1477.0,28635.7405132597
833,SWE,1995,NaN,47.578617,NaN,NaN,1483.0,28696.1256416967
834,SWE,1996,NaN,48.395512,NaN,NaN,1493.0,30409.9751730569
835,SWE,1997,NaN,50.360522,NaN,NaN,1498.0,31605.1888243566
836,SWE,1998,NaN,51.691363,NaN,NaN,1497.0,32653.3016999684
837,SWE,1999,NaN,52.468657,NaN,NaN,1506.0,33329.4125656562
838,SWE,2000,NaN,54.375144,NaN,NaN,1486.0,34388.9484187077
839,SWE,2001,NaN,54.797151,NaN,74.05,1465.0,34796.8879758431
840,SWE,2002,NaN,56.754132,NaN,73.625,1445.0,35251.8533426745
841,SWE,2003,NaN,58.928846,NaN,72.875,1432.0,35555.7494602559
842,SWE,2004,NaN,60.978577,NaN,72.05,1454.0,36723.844979794
843,SWE,2005,NaN,62.707178,NaN,72.3,1453.0,37649.7667406336
844,SWE,2006,NaN,64.541247,NaN,73.125,1451.0,38701.2384294153
845,SWE,2007,NaN,64.701634,NaN,74.175,1463.0,40054.091743044
846,SWE,2008,NaN,63.575092,NaN,74.325,1472.0,40860.7815199667
847,SWE,2009,NaN,62.666044,NaN,71.65,1459.0,41016.9656550011
848,SWE,2010,NaN,64.863053,NaN,71.6,1484.0,41533.8891289532
849,SWE,2011,NaN,65.418685,NaN,73.1,1484.0,42160.8183463129
850,SWE,2012,NaN,65.083663,NaN,73.275,1472.0,43079.8807886723
851,SWE,2020,NaN,70.525509,NaN,74.875,1424.0,47020.4898878129
852,EST,2000,NaN,21.155461,NaN,60.275,1884.0,12744.0335388387
853,EST,2001,NaN,22.383,NaN,61.075,1877.0,13189.9841415705
854,EST,2002,NaN,23.877254,NaN,61.325,1879.0,13978.2523319379
855,EST,2003,NaN,25.086689,NaN,62.95,1884.0,15332.6647745981
856,EST,2004,NaN,26.787249,NaN,63.15,1892.0,16554.4516967913
857,EST,2005,NaN,28.37254,NaN,64.825,1913.0,17660.7768566833
858,EST,2006,NaN,29.802344,NaN,68.425,1906.0,19269.6519341551
859,EST,2007,NaN,32.051758,NaN,69.725,1903.0,22405.1384365077
860,EST,2008,NaN,30.93992,NaN,70.075,1874.0,22692.8543790954
861,EST,2009,NaN,31.588678,NaN,64.2,1745.0,22216.1392807988
862,EST,2010,NaN,33.2806,NaN,61.95,1785.0,21990.5401912126
863,EST,2011,NaN,32.733169,NaN,65.7,1827.0,21483.0297721717
864,EST,2012,NaN,33.822894,NaN,67.975,1796.0,21807.7087871146
865,EST,2020,NaN,41.760009,NaN,73.975,1654.0,30720.2630723187
866,SVN,1995,NaN,24.696415,NaN,NaN,1755.0,24486.0516940375
867,SVN,1996,NaN,26.425819,NaN,NaN,1727.0,25702.2459949285
868,SVN,1997,NaN,28.48187,NaN,NaN,1715.0,27074.6137730861
869,SVN,1998,NaN,29.222361,NaN,NaN,1728.0,27412.029375634
870,SVN,1999,NaN,30.282513,NaN,62.2,1730.0,27927.0766999873
871,SVN,2000,NaN,31.263905,NaN,62.85,1710.1,28640.0053914608
872,SVN,2001,NaN,32.355075,NaN,63.8,1695.9,29807.7236776844
873,SVN,2002,NaN,32.497236,NaN,63.45,1720.5,29892.6715686062
874,SVN,2003,NaN,33.50062,NaN,62.575,1723.8,30516.9268311091
875,SVN,2020,NaN,45.704734,NaN,70.05,1514.6,41445.1742823172
876,LVA,2000,NaN,18.073126,NaN,NaN,1728.0,11759.1239217377
877,LVA,2001,NaN,18.80082,NaN,NaN,1738.0,12157.1794887416
878,LVA,2002,NaN,20.348649,NaN,59.95,1695.0,11766.0186271829
879,LVA,2003,NaN,22.042334,NaN,60.75,1686.0,12636.0220549352
880,LVA,2020,NaN,38.693729,NaN,71.475,1577.0,29876.4197225361
881,LTU,1995,NaN,15.988801,NaN,NaN,1527.0,8454.23643939247
882,LTU,1996,NaN,16.679871,NaN,NaN,1525.0,9419.15598639491
883,LTU,1997,NaN,17.897998,NaN,NaN,1530.0,10415.0718830029
884,LTU,1998,NaN,18.881262,NaN,NaN,1571.0,11376.4483509147
885,LTU,1999,NaN,19.674674,NaN,NaN,1524.0,11880.2127252716
886,LTU,2000,NaN,19.919349,NaN,NaN,1630.0,11926.5214120342
887,LTU,2001,NaN,22.233444,NaN,NaN,1617.0,12597.474261764
888,LTU,2002,NaN,23.280649,NaN,NaN,1591.0,13450.991490379
889,LTU,2003,NaN,25.402728,NaN,NaN,1577.0,14904.3111801197
890,LTU,2020,NaN,44.611804,NaN,71.625,1595.0,31810.9800849974
891,BEL,2021,NaN,NaN,NaN,65.3,NaN,NaN
892,DNK,2021,NaN,NaN,NaN,75.475,NaN,NaN
893,FIN,2021,NaN,NaN,NaN,72.65,NaN,NaN
894,POL,2021,NaN,NaN,NaN,70.3,NaN,NaN
895,PRT,2021,NaN,NaN,NaN,70.15,NaN,NaN
896,SVK,2021,NaN,NaN,NaN,69.45,NaN,NaN
897,SWE,2021,NaN,NaN,NaN,75.375,NaN,NaN
898,EST,2021,NaN,NaN,NaN,73.975,NaN,NaN
899,SVN,2021,NaN,NaN,NaN,71.45,NaN,NaN
900,LVA,2021,NaN,NaN,NaN,69.85,NaN,NaN
901,LTU,2021,NaN,NaN,NaN,72.425,NaN,NaN
902,FIN,1960,NaN,NaN,NaN,NaN,1967.0,NaN
903,FIN,1961,NaN,NaN,NaN,NaN,1966.0,NaN
904,FIN,1962,NaN,NaN,NaN,NaN,1959.0,NaN
905,FIN,1963,NaN,NaN,NaN,NaN,1956.0,NaN
906,FIN,1964,NaN,NaN,NaN,NaN,1980.0,NaN
907,FIN,1965,NaN,NaN,NaN,NaN,1980.0,NaN
908,FIN,1966,NaN,NaN,NaN,NaN,1957.0,NaN
909,FIN,1967,NaN,NaN,NaN,NaN,1940.0,NaN
910,FIN,1968,NaN,NaN,NaN,NaN,1925.0,NaN
911,FIN,1969,NaN,NaN,NaN,NaN,1907.0,NaN
912,FRA,1950,NaN,NaN,NaN,NaN,2351.0,NaN
913,FRA,1951,NaN,NaN,NaN,NaN,2360.0,NaN
914,FRA,1952,NaN,NaN,NaN,NaN,2339.0,NaN
915,FRA,1953,NaN,NaN,NaN,NaN,2313.0,NaN
916,FRA,1954,NaN,NaN,NaN,NaN,2316.0,NaN
917,FRA,1955,NaN,NaN,NaN,NaN,2292.0,NaN
918,FRA,1956,NaN,NaN,NaN,NaN,2236.0,NaN
919,FRA,1957,NaN,NaN,NaN,NaN,2200.0,NaN
920,FRA,1958,NaN,NaN,NaN,NaN,2179.0,NaN
921,FRA,1959,NaN,NaN,NaN,NaN,2179.0,NaN
922,FRA,1960,NaN,NaN,NaN,NaN,2188.0,NaN
923,FRA,1961,NaN,NaN,NaN,NaN,2165.0,NaN
924,FRA,1962,NaN,NaN,NaN,NaN,2178.0,NaN
925,FRA,1963,NaN,NaN,NaN,NaN,2159.0,NaN
926,FRA,1964,NaN,NaN,NaN,NaN,2166.0,NaN
927,FRA,1965,NaN,NaN,NaN,NaN,2153.0,NaN
928,FRA,1966,NaN,NaN,NaN,NaN,2145.0,NaN
929,FRA,1967,NaN,NaN,NaN,NaN,2110.0,NaN
930,FRA,1968,NaN,NaN,NaN,NaN,2087.0,NaN
931,FRA,1969,NaN,NaN,NaN,NaN,2012.0,NaN
932,HUN,1980,NaN,NaN,NaN,NaN,2348.0,NaN
933,HUN,1981,NaN,NaN,NaN,NaN,2347.0,NaN
934,HUN,1982,NaN,NaN,NaN,NaN,2248.0,NaN
935,HUN,1983,NaN,NaN,NaN,NaN,2226.0,NaN
936,HUN,1984,NaN,NaN,NaN,NaN,2149.0,NaN
937,HUN,1985,NaN,NaN,NaN,NaN,2120.0,NaN
938,HUN,1986,NaN,NaN,NaN,NaN,2111.0,NaN
939,HUN,1987,NaN,NaN,NaN,NaN,2158.0,NaN
940,HUN,1988,NaN,NaN,NaN,NaN,2151.0,NaN
941,HUN,1989,NaN,NaN,NaN,NaN,2125.0,NaN
942,HUN,1990,NaN,NaN,NaN,NaN,2082.0,NaN
943,SWE,1950,NaN,NaN,NaN,NaN,1824.0,NaN
944,SWE,1951,NaN,NaN,NaN,NaN,1816.0,NaN
945,SWE,1952,NaN,NaN,NaN,NaN,1816.0,NaN
946,SWE,1953,NaN,NaN,NaN,NaN,1797.0,NaN
947,SWE,1954,NaN,NaN,NaN,NaN,1807.0,NaN
948,SWE,1955,NaN,NaN,NaN,NaN,1797.0,NaN
949,SWE,1956,NaN,NaN,NaN,NaN,1775.0,NaN
950,SWE,1957,NaN,NaN,NaN,NaN,1775.0,NaN
951,SWE,1958,NaN,NaN,NaN,NaN,1746.0,NaN
952,SWE,1959,NaN,NaN,NaN,NaN,1722.0,NaN
953,SWE,1960,NaN,NaN,NaN,NaN,1718.0,NaN
954,SWE,1961,NaN,NaN,NaN,NaN,1720.0,NaN
955,SWE,1962,NaN,NaN,NaN,NaN,1709.0,NaN
956,SWE,1963,NaN,NaN,NaN,NaN,1703.0,NaN
957,SWE,1964,NaN,NaN,NaN,NaN,1675.0,NaN
958,SWE,1965,NaN,NaN,NaN,NaN,1665.0,NaN
959,SWE,1966,NaN,NaN,NaN,NaN,1653.0,NaN
960,SWE,1967,NaN,NaN,NaN,NaN,1625.0,NaN
961,SWE,1968,NaN,NaN,NaN,NaN,1586.0,NaN
962,SWE,1969,NaN,NaN,NaN,NaN,1565.0,NaN
963,AUT,1990,NaN,NaN,NaN,NaN,NaN,42551.7590367744
964,AUT,1991,NaN,NaN,NaN,NaN,NaN,43881.8669702909
965,AUT,1992,NaN,NaN,NaN,NaN,NaN,44765.9262872876
966,AUT,1993,NaN,NaN,NaN,NaN,NaN,45130.9157654398
967,AUT,1994,NaN,NaN,NaN,NaN,NaN,45585.6229416628
968,SVK,1994,NaN,NaN,NaN,NaN,NaN,10286.0774157927
969,EST,1995,NaN,NaN,NaN,NaN,NaN,9110.73868522035
970,EST,1996,NaN,NaN,NaN,NaN,NaN,9686.69554202447
971,EST,1997,NaN,NaN,NaN,NaN,NaN,10582.370294292
972,EST,1998,NaN,NaN,NaN,NaN,NaN,11283.9748867495
973,EST,1999,NaN,NaN,NaN,NaN,NaN,11804.9428126985
974,LVA,1996,NaN,NaN,NaN,NaN,NaN,9940.65200015167
975,LVA,1997,NaN,NaN,NaN,NaN,NaN,10400.7675648016
976,LVA,1998,NaN,NaN,NaN,NaN,NaN,10721.259393476
977,LVA,1999,NaN,NaN,NaN,NaN,NaN,11168.5931491416
