,LOCATION,Year,Poverty index (no unit),GDP per hours worked wage (USD/hour),Gini coefficient (no units),Employment rate (% of working age population)
0,AUT,2007,0.097,63.814049,0.284,69.875
1,AUT,2008,0.093,63.814456,0.28,70.825
2,AUT,2009,0.096,63.363388,0.289,70.325
3,AUT,2010,0.089,64.291488,0.28,70.775
4,AUT,2011,0.091,64.94796,0.281,71.1
5,AUT,2012,0.096,65.645538,0.276,71.425
6,AUT,2013,0.09,66.080679,0.28,71.4
7,AUT,2014,0.091,66.327394,0.274,71.075
8,AUT,2015,0.087,67.267651,0.275,71.1
9,AUT,2016,0.098,67.184974,0.284,71.55
10,AUT,2017,0.094,67.999464,0.275,72.2
11,AUT,2018,0.094,68.360281,0.28,73.025
12,AUT,2019,0.1,68.276785,0.274,73.525
13,BEL,2018,0.082,71.700122,0.258,64.45
14,BEL,2019,0.081,72.2193,0.262,65.3
15,CZE,2004,0.058,31.147574,0.267,64.175
16,CZE,2005,0.055,32.765277,0.261,64.8
17,CZE,2006,0.056,34.781571,0.26,65.275
18,CZE,2007,0.055,36.256014,0.256,66.075
19,CZE,2008,0.059,36.139167,0.259,66.55
20,CZE,2009,0.06,35.303035,0.257,65.375
21,CZE,2010,0.065,36.128328,0.26,64.975
22,CZE,2011,0.059,36.734795,0.257,65.725
23,CZE,2012,0.052,36.886973,0.254,66.55
24,CZE,2013,0.059,37.004724,0.259,67.725
25,CZE,2014,0.059,37.432375,0.257,68.975
26,CZE,2015,0.064,39.390083,0.258,70.225
27,CZE,2016,0.056,39.251558,0.253,71.95
28,CZE,2017,0.056,40.595969,0.249,73.625
29,CZE,2018,0.061,41.152718,0.249,74.825
30,CZE,2019,0.056,42.263727,0.248,75.125
31,DNK,2011,0.058,66.165566,0.251,71.625
32,DNK,2012,0.054,67.430176,0.249,71.025
33,DNK,2013,0.054,67.960405,0.254,70.775
34,DNK,2014,0.055,69.036988,0.256,71.1
35,DNK,2015,0.055,70.022816,0.263,71.975
36,DNK,2016,0.058,70.856515,0.261,72.675
37,DNK,2017,0.061,72.180878,0.264,73.225
38,DNK,2018,0.064,73.769587,0.263,74.125
39,FIN,1987,0.052,33.730281,0.209,NaN
40,FIN,1988,0.056,35.290565,0.213,NaN
41,FIN,1989,0.057,36.666578,0.217,NaN
42,FIN,1990,0.056,37.54624,0.215,NaN
43,FIN,1991,0.054,37.838024,0.212,NaN
44,FIN,1992,0.05,39.207823,0.211,NaN
45,FIN,1993,0.042,41.346917,0.214,NaN
46,FIN,1994,0.042,43.178352,0.215,NaN
47,FIN,1995,0.042,43.940799,0.22,NaN
48,FIN,1996,0.046,44.848465,0.224,NaN
49,FIN,1997,0.048,46.233053,0.235,NaN
50,FIN,1998,0.05,48.089855,0.243,64.05
51,FIN,1999,0.052,49.182399,0.25,66.275
52,FIN,2000,0.053,51.309839,0.254,67.15
53,FIN,2001,0.063,52.287908,0.262,68.125
54,FIN,2002,0.062,52.788651,0.258,68.075
55,FIN,2003,0.056,53.884684,0.261,67.7
56,FIN,2004,0.065,55.707489,0.266,67.65
57,FIN,2005,0.066,56.779062,0.265,68.375
58,FIN,2006,0.069,58.155532,0.268,69.35
59,FIN,2007,0.078,60.024417,0.269,70.3
60,FIN,2008,0.079,59.322583,0.264,71.05
61,FIN,2009,0.074,56.695101,0.259,67.9
62,FIN,2010,0.072,58.669818,0.264,67.15
63,FIN,2011,0.075,59.482446,0.264,68.0
64,FIN,2012,0.065,58.526417,0.26,68.45
65,FIN,2013,0.071,58.741949,0.262,68.075
66,FIN,2014,0.068,58.857955,0.257,67.95
67,FIN,2015,0.063,59.336748,0.26,67.55
68,FIN,2016,0.058,60.730655,0.259,68.225
69,FIN,2017,0.063,62.258937,0.266,69.075
70,FIN,2018,0.065,61.547286,0.269,71.15
71,FRA,2012,0.085,63.316137,0.305,64.375
72,FRA,2013,0.079,64.173601,0.291,64.375
73,FRA,2014,0.081,64.791079,0.293,64.525
74,FRA,2015,0.081,65.316731,0.295,64.7
75,FRA,2016,0.083,65.499243,0.291,65.0
76,FRA,2017,0.081,66.881126,0.292,65.55
77,FRA,2018,0.085,67.155153,0.301,66.15
78,FRA,2019,0.084,67.417144,0.292,66.375
79,DEU,2008,0.09,61.593702,0.285,70.1
80,DEU,2011,0.087,62.706421,0.291,71.775
81,DEU,2012,0.084,63.093299,0.289,72.05
82,DEU,2013,0.091,63.392823,0.292,72.525
83,DEU,2014,0.095,64.049842,0.289,72.8
84,DEU,2015,0.101,64.376152,0.293,73.0
85,DEU,2016,0.104,65.248665,0.294,73.675
86,DEU,2017,0.104,66.411797,0.289,74.25
87,DEU,2018,0.098,66.438174,0.289,74.9
88,GRC,2004,0.12,39.452811,0.333,59.075
89,GRC,2005,0.129,38.333434,0.345,59.625
90,GRC,2006,0.127,39.9746,0.337,60.55
91,GRC,2007,0.132,41.019547,0.329,60.875
92,GRC,2008,0.129,40.446927,0.328,61.425
93,GRC,2009,0.129,39.400232,0.33,60.675
94,GRC,2010,0.141,39.042632,0.336,58.85
95,GRC,2011,0.151,36.290422,0.333,54.85
96,GRC,2012,0.149,34.410406,0.338,50.425
97,GRC,2013,0.151,33.622669,0.342,48.475
98,GRC,2014,0.148,33.42498,0.339,49.225
99,GRC,2015,0.149,34.620332,0.34,50.7
100,GRC,2016,0.144,33.18184,0.333,51.775
101,GRC,2017,0.126,33.647617,0.319,53.225
102,GRC,2018,0.121,32.410775,0.306,54.525
103,GRC,2019,0.115,33.475251,0.308,56.125
104,HUN,2006,0.072,33.072538,0.264,57.35
105,HUN,2007,0.065,33.89389,0.257,57.025
106,HUN,2008,0.059,34.790217,0.246,56.4
107,HUN,2009,0.061,33.741979,0.241,57.2
108,HUN,2010,0.073,34.179123,0.266,57.05
109,HUN,2011,0.077,35.080159,0.269,57.55
110,HUN,2012,0.085,34.628284,0.279,58.625
111,HUN,2013,0.086,34.899918,0.286,60.125
112,HUN,2014,0.087,34.490434,0.281,63.65
113,HUN,2015,0.085,35.041117,0.284,65.85
114,HUN,2016,0.077,34.246099,0.28,68.525
115,HUN,2017,0.08,35.29112,0.289,70.175
116,HUN,2018,0.087,36.720453,0.28,71.4
117,HUN,2019,0.092,38.138306,0.286,72.225
118,IRL,2004,0.134,61.65624,0.323,66.275
119,IRL,2005,0.116,61.878739,0.324,67.625
120,IRL,2006,0.114,62.235474,0.316,68.675
121,IRL,2007,0.096,63.259955,0.304,71.725
122,IRL,2008,0.091,61.498228,0.295,69.65
123,IRL,2009,0.088,64.448589,0.312,63.625
124,IRL,2010,0.091,71.96792,0.298,60.95
125,IRL,2011,0.1,73.674205,0.307,60.025
126,IRL,2012,0.094,73.983774,0.31,59.9
127,IRL,2013,0.095,72.541196,0.312,61.75
128,IRL,2014,0.093,76.196282,0.298,63.125
129,IRL,2015,0.098,91.344744,0.298,64.7
130,IRL,2016,0.091,90.260453,0.309,66.425
131,IRL,2017,0.09,94.816963,0.295,67.575
132,IRL,2018,0.074,99.808717,0.292,68.475
133,ITA,2004,0.122,52.754499,0.331,57.725
134,ITA,2005,0.126,52.990201,0.324,57.575
135,ITA,2006,0.123,52.873541,0.324,58.325
136,ITA,2007,0.119,52.833352,0.313,58.575
137,ITA,2008,0.119,52.532095,0.317,58.65
138,ITA,2009,0.12,51.485627,0.315,56.9
139,ITA,2010,0.134,52.656139,0.327,56.25
140,ITA,2011,0.128,53.011615,0.327,56.35
141,ITA,2012,0.13,52.728249,0.33,56.075
142,ITA,2013,0.133,53.147359,0.325,54.95
143,ITA,2014,0.137,53.189636,0.326,55.275
144,ITA,2015,0.144,53.221214,0.333,56.025
145,ITA,2016,0.137,53.057615,0.327,57.05
146,ITA,2017,0.139,53.399887,0.334,57.875
147,ITA,2018,0.142,53.393274,0.33,58.5
148,LUX,2015,0.109,99.777819,0.306,66.15
149,LUX,2016,0.111,101.763319,0.305,65.575
150,LUX,2017,0.122,100.25682,0.327,66.275
151,LUX,2018,0.114,98.602591,0.318,67.1
152,LUX,2019,0.105,98.573992,0.305,67.95
153,NLD,2011,0.072,66.274742,0.294,75.7
154,NLD,2012,0.074,66.176095,0.293,75.9
155,NLD,2013,0.078,66.678971,0.287,75.1
156,NLD,2014,0.077,67.172705,0.305,74.65
157,NLD,2015,0.077,67.832959,0.305,75.65
158,NLD,2016,0.081,67.727181,0.292,76.375
159,NLD,2017,0.079,68.095551,0.298,77.375
160,NLD,2018,0.078,67.876916,0.295,78.7
161,NLD,2019,0.082,67.760713,0.296,79.7
162,POL,2005,0.124,26.785275,0.327,52.775
163,POL,2006,0.11,27.626061,0.315,54.45
164,POL,2007,0.096,28.304503,0.315,57.025
165,POL,2008,0.107,28.474998,0.307,59.225
166,POL,2009,0.108,29.36572,0.303,57.175
167,POL,2010,0.107,31.346088,0.304,56.975
168,POL,2011,0.106,32.81389,0.301,57.45
169,POL,2012,0.104,33.210826,0.298,58.0
170,POL,2013,0.106,33.701293,0.299,58.425
171,POL,2014,0.104,34.154157,0.297,60.2
172,POL,2015,0.111,34.314904,0.291,61.6
173,POL,2016,0.103,35.702255,0.285,63.45
174,POL,2017,0.096,37.402839,0.275,65.25
175,POL,2018,0.098,39.697197,0.281,66.675
176,PRT,2004,0.132,34.873034,0.383,67.65
177,PRT,2005,0.126,35.267262,0.378,67.3
178,PRT,2006,0.124,35.925218,0.368,67.625
179,PRT,2007,0.128,36.484824,0.36,67.6
180,PRT,2008,0.113,36.718742,0.354,68.025
181,PRT,2009,0.116,36.568904,0.336,62.975
182,PRT,2010,0.109,37.676862,0.341,62.25
183,PRT,2011,0.114,38.253287,0.337,61.85
184,PRT,2012,0.13,38.624047,0.337,59.325
185,PRT,2013,0.135,39.167282,0.341,58.825
186,PRT,2014,0.135,38.770072,0.338,61.2
187,PRT,2015,0.125,38.765602,0.336,62.8
188,PRT,2016,0.125,38.80674,0.331,64.225
189,PRT,2017,0.107,39.115124,0.32,66.95
190,PRT,2018,0.104,39.068634,0.317,69.025
191,PRT,2019,0.106,39.642999,0.31,69.85
192,SVK,2004,0.083,29.479993,0.267,56.975
193,SVK,2005,0.072,30.452689,0.289,57.7
194,SVK,2006,0.065,32.274833,0.251,59.425
195,SVK,2007,0.069,34.710742,0.246,60.7
196,SVK,2008,0.072,35.458834,0.257,62.25
197,SVK,2009,0.079,34.443626,0.267,61.85
198,SVK,2010,0.08,36.662848,0.265,60.425
199,SVK,2011,0.082,37.224208,0.262,61.0
200,SVK,2012,0.085,37.794361,0.251,61.375
201,SVK,2013,0.085,38.717119,0.27,61.575
202,SVK,2014,0.088,39.486602,0.247,62.7
203,SVK,2015,0.085,40.869041,0.25,64.525
204,SVK,2016,0.085,41.019355,0.241,66.7
205,SVK,2017,0.073,41.962499,0.22,68.075
206,SVK,2018,0.077,42.94424,0.236,69.55
207,SVK,2019,0.078,43.915066,0.222,70.425
208,ESP,2007,0.144,46.335693,0.313,65.8
209,ESP,2008,0.146,46.455022,0.327,64.475
210,ESP,2009,0.148,47.574562,0.333,59.95
211,ESP,2010,0.139,48.783989,0.339,58.85
212,ESP,2011,0.147,49.504172,0.341,58.025
213,ESP,2012,0.141,50.45889,0.334,55.75
214,ESP,2013,0.159,51.186839,0.345,54.825
215,ESP,2014,0.153,51.339305,0.343,56.0
216,ESP,2015,0.153,51.745407,0.344,57.8
217,ESP,2016,0.156,51.978712,0.341,59.55
218,ESP,2017,0.148,52.431783,0.333,61.1
219,ESP,2018,0.142,52.314162,0.33,62.4
220,ESP,2019,0.147,52.401553,0.32,63.3
221,SWE,2013,0.086,65.583048,0.268,73.95
222,SWE,2014,0.09,66.351351,0.274,74.425
223,SWE,2015,0.092,68.27252,0.278,75.025
224,SWE,2016,0.091,67.864029,0.282,75.725
225,SWE,2017,0.093,68.496433,0.282,76.325
226,SWE,2018,0.089,68.72116,0.275,76.85
227,SWE,2019,0.093,70.343745,0.28,76.575
228,EST,2013,0.158,34.255974,0.356,69.175
229,EST,2014,0.157,35.138109,0.346,70.225
230,EST,2015,0.16,34.947358,0.33,72.075
231,EST,2016,0.158,35.864899,0.314,72.4
232,EST,2017,0.158,36.927656,0.309,74.5
233,EST,2018,0.163,39.076217,0.305,75.05
234,EST,2019,0.149,40.473334,0.305,75.55
235,SVN,2004,0.079,34.599443,0.241,65.275
236,SVN,2005,0.071,36.938074,0.24,65.95
237,SVN,2006,0.074,39.128271,0.237,66.55
238,SVN,2007,0.079,40.808356,0.238,67.75
239,SVN,2008,0.079,40.752803,0.234,68.575
240,SVN,2009,0.083,38.181149,0.245,67.075
241,SVN,2010,0.091,39.491962,0.245,65.525
242,SVN,2011,0.086,40.925467,0.243,63.825
243,SVN,2012,0.095,40.691154,0.249,63.575
244,SVN,2013,0.095,40.292879,0.254,62.775
245,SVN,2014,0.093,40.753894,0.251,63.4
246,SVN,2015,0.092,40.981064,0.25,64.65
247,SVN,2016,0.086,42.404997,0.244,65.325
248,SVN,2017,0.085,44.000646,0.243,68.725
249,SVN,2018,0.075,45.1561,0.249,70.55
250,SVN,2019,0.074,45.42766,0.246,71.275
251,LVA,2004,0.142,24.43295,0.364,61.025
252,LVA,2005,0.176,26.442685,0.391,62.15
253,LVA,2006,0.146,27.961343,0.35,65.9
254,LVA,2007,0.186,30.061651,0.375,68.125
255,LVA,2008,0.191,27.525735,0.375,68.225
256,LVA,2009,0.141,28.267079,0.354,60.05
257,LVA,2010,0.133,29.187427,0.346,58.2
258,LVA,2011,0.129,29.23211,0.351,60.575
259,LVA,2012,0.133,31.115666,0.346,62.775
260,LVA,2013,0.145,31.137564,0.351,64.85
261,LVA,2014,0.164,31.992581,0.349,66.125
262,LVA,2015,0.162,33.403752,0.346,68.05
263,LVA,2016,0.167,34.278257,0.346,68.575
264,LVA,2017,0.166,35.726824,0.355,69.975
265,LVA,2018,0.175,36.376781,0.351,71.725
266,LVA,2019,0.162,38.000804,0.344,72.225
267,LTU,2004,0.137,26.015947,0.349,NaN
268,LTU,2005,0.145,27.815226,0.352,62.85
269,LTU,2006,0.136,30.039651,0.328,63.625
270,LTU,2007,0.132,32.198426,0.337,65.0
271,LTU,2008,0.146,32.963896,0.357,64.4
272,LTU,2009,0.15,31.54323,0.365,59.875
273,LTU,2010,0.127,32.830639,0.329,57.55
274,LTU,2011,0.126,35.09795,0.321,60.2
275,LTU,2012,0.143,35.814127,0.35,62.025
276,LTU,2013,0.124,36.91694,0.351,63.725
277,LTU,2014,0.157,37.615436,0.38,65.65
278,LTU,2015,0.165,37.326012,0.372,67.25
279,LTU,2016,0.168,36.953394,0.378,69.375
280,LTU,2017,0.173,39.682168,0.374,70.375
281,LTU,2018,0.155,40.536245,0.361,72.4
282,LTU,2019,0.154,42.122569,0.357,72.975
283,AUT,1995,NaN,51.105772,NaN,NaN
284,AUT,1996,NaN,51.175266,NaN,NaN
285,AUT,1997,NaN,51.62205,NaN,NaN
286,AUT,1998,NaN,53.568424,NaN,NaN
287,AUT,1999,NaN,54.513967,NaN,68.525
288,AUT,2000,NaN,55.825179,NaN,68.5
289,AUT,2001,NaN,56.533555,NaN,68.375
290,AUT,2002,NaN,57.591558,NaN,68.75
291,AUT,2003,NaN,58.071618,NaN,68.95
292,AUT,2004,NaN,59.181589,NaN,66.525
293,AUT,2005,NaN,60.63234,NaN,67.4
294,AUT,2006,NaN,62.218785,NaN,68.575
295,AUT,2020,NaN,69.760137,NaN,71.725
296,BEL,1970,NaN,27.497166,NaN,NaN
297,BEL,1971,NaN,28.485856,NaN,NaN
298,BEL,1972,NaN,30.468756,NaN,NaN
299,BEL,1973,NaN,32.532014,NaN,NaN
300,BEL,1974,NaN,33.924965,NaN,NaN
301,BEL,1975,NaN,34.141031,NaN,NaN
302,BEL,1976,NaN,36.207479,NaN,NaN
303,BEL,1977,NaN,37.115528,NaN,NaN
304,BEL,1978,NaN,38.507129,NaN,NaN
305,BEL,1979,NaN,39.422417,NaN,NaN
306,BEL,1980,NaN,41.729091,NaN,NaN
307,BEL,1981,NaN,42.974937,NaN,NaN
308,BEL,1982,NaN,44.17632,NaN,NaN
309,BEL,1983,NaN,44.7383,NaN,NaN
310,BEL,1984,NaN,45.213096,NaN,NaN
311,BEL,1985,NaN,45.575369,NaN,NaN
312,BEL,1986,NaN,46.657876,NaN,NaN
313,BEL,1987,NaN,47.821332,NaN,NaN
314,BEL,1988,NaN,49.479833,NaN,NaN
315,BEL,1989,NaN,50.695138,NaN,NaN
316,BEL,1990,NaN,51.285906,NaN,NaN
317,BEL,1991,NaN,53.247397,NaN,NaN
318,BEL,1992,NaN,54.911491,NaN,NaN
319,BEL,1993,NaN,56.284298,NaN,NaN
320,BEL,1994,NaN,58.348072,NaN,NaN
321,BEL,1995,NaN,58.593596,NaN,NaN
322,BEL,1996,NaN,59.324556,NaN,NaN
323,BEL,1997,NaN,60.888272,NaN,NaN
324,BEL,1998,NaN,61.322735,NaN,NaN
325,BEL,1999,NaN,62.591788,NaN,59.3
326,BEL,2000,NaN,63.08917,NaN,60.525
327,BEL,2001,NaN,63.233672,NaN,59.95
328,BEL,2002,NaN,63.667303,NaN,59.9
329,BEL,2003,NaN,64.204011,NaN,59.6
330,BEL,2004,NaN,66.278551,NaN,60.35
331,BEL,2005,NaN,67.287921,NaN,61.075
332,BEL,2006,NaN,67.637137,NaN,61.0
333,BEL,2007,NaN,68.887444,NaN,62.025
334,BEL,2008,NaN,68.464336,NaN,62.4
335,BEL,2009,NaN,68.020751,NaN,61.6
336,BEL,2010,NaN,69.053627,NaN,62.025
337,BEL,2011,NaN,68.581978,NaN,61.925
338,BEL,2012,NaN,68.923207,NaN,61.825
339,BEL,2013,NaN,69.517696,NaN,61.8
340,BEL,2014,NaN,70.513657,NaN,61.9
341,BEL,2015,NaN,71.604653,NaN,61.8
342,BEL,2016,NaN,71.674769,NaN,62.3
343,BEL,2017,NaN,71.534022,NaN,63.125
344,BEL,2020,NaN,74.487852,NaN,64.45
345,CZE,1993,NaN,21.584056,NaN,NaN
346,CZE,1994,NaN,22.182228,NaN,NaN
347,CZE,1995,NaN,23.555989,NaN,NaN
348,CZE,1996,NaN,24.464831,NaN,NaN
349,CZE,1997,NaN,24.396092,NaN,NaN
350,CZE,1998,NaN,24.433029,NaN,67.325
351,CZE,1999,NaN,24.918613,NaN,65.625
352,CZE,2000,NaN,25.998047,NaN,64.975
353,CZE,2001,NaN,27.994158,NaN,65.025
354,CZE,2002,NaN,28.429678,NaN,65.425
355,CZE,2003,NaN,29.901424,NaN,64.725
356,CZE,2020,NaN,42.444763,NaN,74.4
357,CZE,2021,NaN,42.573113,NaN,74.4
358,DNK,1970,NaN,27.472263,NaN,NaN
359,DNK,1971,NaN,28.866758,NaN,NaN
360,DNK,1972,NaN,30.399818,NaN,NaN
361,DNK,1973,NaN,32.058011,NaN,NaN
362,DNK,1974,NaN,32.263526,NaN,NaN
363,DNK,1975,NaN,33.589438,NaN,NaN
364,DNK,1976,NaN,34.830328,NaN,NaN
365,DNK,1977,NaN,36.121419,NaN,NaN
366,DNK,1978,NaN,37.157283,NaN,NaN
367,DNK,1979,NaN,38.436488,NaN,NaN
368,DNK,1980,NaN,38.140141,NaN,NaN
369,DNK,1981,NaN,39.262832,NaN,NaN
370,DNK,1982,NaN,40.358549,NaN,NaN
371,DNK,1983,NaN,41.560958,NaN,NaN
372,DNK,1984,NaN,42.8173,NaN,NaN
373,DNK,1985,NaN,43.900178,NaN,NaN
374,DNK,1986,NaN,44.851916,NaN,NaN
375,DNK,1987,NaN,45.762837,NaN,NaN
376,DNK,1988,NaN,46.660917,NaN,NaN
377,DNK,1989,NaN,47.63771,NaN,NaN
378,DNK,1990,NaN,49.031726,NaN,NaN
379,DNK,1991,NaN,50.313361,NaN,NaN
380,DNK,1992,NaN,51.179633,NaN,NaN
381,DNK,1993,NaN,52.15734,NaN,NaN
382,DNK,1994,NaN,55.487238,NaN,NaN
383,DNK,1995,NaN,56.312932,NaN,NaN
384,DNK,1996,NaN,57.655533,NaN,NaN
385,DNK,1997,NaN,58.073442,NaN,NaN
386,DNK,1998,NaN,58.006556,NaN,NaN
387,DNK,1999,NaN,58.597376,NaN,76.05
388,DNK,2000,NaN,59.954667,NaN,76.25
389,DNK,2001,NaN,59.743007,NaN,76.2
390,DNK,2002,NaN,60.234191,NaN,75.875
391,DNK,2003,NaN,61.228274,NaN,75.125
392,DNK,2004,NaN,63.183454,NaN,75.675
393,DNK,2005,NaN,64.048343,NaN,75.9
394,DNK,2006,NaN,64.892447,NaN,77.375
395,DNK,2007,NaN,65.012119,NaN,77.0
396,DNK,2008,NaN,64.044269,NaN,76.325
397,DNK,2009,NaN,63.453957,NaN,73.525
398,DNK,2010,NaN,65.937261,NaN,71.8
399,DNK,2019,NaN,74.832812,NaN,75.0
400,DNK,2020,NaN,75.406175,NaN,74.425
401,FIN,1970,NaN,17.891602,NaN,NaN
402,FIN,1971,NaN,18.769753,NaN,NaN
403,FIN,1972,NaN,20.19845,NaN,NaN
404,FIN,1973,NaN,21.394049,NaN,NaN
405,FIN,1974,NaN,22.072285,NaN,NaN
406,FIN,1975,NaN,23.448613,NaN,NaN
407,FIN,1976,NaN,23.786178,NaN,NaN
408,FIN,1977,NaN,24.380215,NaN,NaN
409,FIN,1978,NaN,25.257122,NaN,NaN
410,FIN,1979,NaN,26.824261,NaN,NaN
411,FIN,1980,NaN,27.771568,NaN,NaN
412,FIN,1981,NaN,27.779305,NaN,NaN
413,FIN,1982,NaN,28.581813,NaN,NaN
414,FIN,1983,NaN,29.73621,NaN,NaN
415,FIN,1984,NaN,30.670306,NaN,NaN
416,FIN,1985,NaN,31.718514,NaN,NaN
417,FIN,1986,NaN,33.029039,NaN,NaN
418,FIN,2019,NaN,61.454045,NaN,72.0
419,FIN,2020,NaN,61.518782,NaN,71.175
420,FRA,1970,NaN,23.895838,NaN,NaN
421,FRA,1971,NaN,25.08375,NaN,NaN
422,FRA,1972,NaN,26.770467,NaN,NaN
423,FRA,1973,NaN,28.316172,NaN,NaN
424,FRA,1974,NaN,29.760027,NaN,NaN
425,FRA,1975,NaN,30.117225,NaN,NaN
426,FRA,1976,NaN,30.736344,NaN,NaN
427,FRA,1977,NaN,32.177911,NaN,NaN
428,FRA,1978,NaN,33.831663,NaN,NaN
429,FRA,1979,NaN,34.864781,NaN,NaN
430,FRA,1980,NaN,35.437723,NaN,NaN
431,FRA,1981,NaN,36.265538,NaN,NaN
432,FRA,1982,NaN,38.617471,NaN,NaN
433,FRA,1983,NaN,39.556884,NaN,NaN
434,FRA,1984,NaN,40.521273,NaN,NaN
435,FRA,1985,NaN,42.149867,NaN,NaN
436,FRA,1986,NaN,43.080524,NaN,NaN
437,FRA,1987,NaN,43.50535,NaN,NaN
438,FRA,1988,NaN,44.910327,NaN,NaN
439,FRA,1989,NaN,46.511042,NaN,NaN
440,FRA,1990,NaN,47.626606,NaN,NaN
441,FRA,1991,NaN,48.223343,NaN,NaN
442,FRA,1992,NaN,49.384037,NaN,NaN
443,FRA,1993,NaN,49.843589,NaN,NaN
444,FRA,1994,NaN,50.872062,NaN,NaN
445,FRA,1995,NaN,52.137055,NaN,NaN
446,FRA,1996,NaN,52.705155,NaN,NaN
447,FRA,1997,NaN,53.577234,NaN,NaN
448,FRA,1998,NaN,54.902497,NaN,NaN
449,FRA,1999,NaN,55.693666,NaN,NaN
450,FRA,2000,NaN,57.168797,NaN,NaN
451,FRA,2001,NaN,58.238429,NaN,NaN
452,FRA,2002,NaN,59.938668,NaN,NaN
453,FRA,2003,NaN,60.280773,NaN,64.425
454,FRA,2004,NaN,60.946954,NaN,64.225
455,FRA,2005,NaN,61.487911,NaN,64.15
456,FRA,2006,NaN,63.018745,NaN,64.15
457,FRA,2007,NaN,62.723395,NaN,64.725
458,FRA,2008,NaN,62.323215,NaN,65.3
459,FRA,2009,NaN,61.685771,NaN,64.425
460,FRA,2010,NaN,62.484285,NaN,64.375
461,FRA,2011,NaN,63.109941,NaN,64.3
462,FRA,2020,NaN,67.655544,NaN,66.1
463,FRA,2021,NaN,67.113151,NaN,67.25
464,DEU,1970,NaN,24.997145,NaN,NaN
465,DEU,1971,NaN,26.088089,NaN,NaN
466,DEU,1972,NaN,27.388072,NaN,NaN
467,DEU,1973,NaN,28.785134,NaN,NaN
468,DEU,1974,NaN,29.947238,NaN,NaN
469,DEU,1975,NaN,31.074,NaN,NaN
470,DEU,1976,NaN,32.522757,NaN,NaN
471,DEU,1977,NaN,33.862079,NaN,NaN
472,DEU,1978,NaN,34.907447,NaN,NaN
473,DEU,1979,NaN,35.906958,NaN,NaN
474,DEU,1980,NaN,36.209255,NaN,NaN
475,DEU,1981,NaN,36.81123,NaN,NaN
476,DEU,1982,NaN,37.192097,NaN,NaN
477,DEU,1983,NaN,38.412381,NaN,NaN
478,DEU,1984,NaN,39.426925,NaN,NaN
479,DEU,1985,NaN,40.336667,NaN,NaN
480,DEU,1986,NaN,40.947861,NaN,NaN
481,DEU,1987,NaN,41.507998,NaN,NaN
482,DEU,1988,NaN,42.578714,NaN,NaN
483,DEU,1989,NaN,44.060484,NaN,NaN
484,DEU,1990,NaN,45.617388,NaN,NaN
485,DEU,1991,NaN,47.203373,NaN,NaN
486,DEU,1992,NaN,48.408308,NaN,NaN
487,DEU,1993,NaN,49.35082,NaN,NaN
488,DEU,1994,NaN,50.628,NaN,NaN
489,DEU,1995,NaN,51.390581,NaN,NaN
490,DEU,1996,NaN,52.255597,NaN,NaN
491,DEU,1997,NaN,53.53631,NaN,NaN
492,DEU,1998,NaN,54.081496,NaN,NaN
493,DEU,1999,NaN,54.695538,NaN,NaN
494,DEU,2000,NaN,56.051436,NaN,NaN
495,DEU,2001,NaN,57.4591,NaN,NaN
496,DEU,2002,NaN,57.991792,NaN,NaN
497,DEU,2003,NaN,58.437853,NaN,NaN
498,DEU,2004,NaN,58.970058,NaN,NaN
499,DEU,2005,NaN,59.900695,NaN,65.45
500,DEU,2006,NaN,60.858653,NaN,67.15
501,DEU,2007,NaN,61.577685,NaN,68.975
502,DEU,2009,NaN,59.739676,NaN,69.375
503,DEU,2010,NaN,61.116778,NaN,70.3
504,DEU,2019,NaN,66.682355,NaN,75.65
505,DEU,2020,NaN,66.937949,NaN,76.15579
506,DEU,2021,NaN,67.558698,NaN,75.775
507,GRC,1983,NaN,26.77867,NaN,NaN
508,GRC,1984,NaN,28.323496,NaN,NaN
509,GRC,1985,NaN,28.083133,NaN,NaN
510,GRC,1986,NaN,28.286112,NaN,NaN
511,GRC,1987,NaN,28.249824,NaN,NaN
512,GRC,1988,NaN,29.140711,NaN,NaN
513,GRC,1989,NaN,29.53317,NaN,NaN
514,GRC,1990,NaN,29.461007,NaN,NaN
515,GRC,1991,NaN,30.471233,NaN,NaN
516,GRC,1992,NaN,29.861671,NaN,NaN
517,GRC,1993,NaN,28.857861,NaN,NaN
518,GRC,1994,NaN,29.3672,NaN,NaN
519,GRC,1995,NaN,29.968877,NaN,NaN
520,GRC,1996,NaN,31.018777,NaN,NaN
521,GRC,1997,NaN,32.570105,NaN,NaN
522,GRC,1998,NaN,32.398392,NaN,55.975
523,GRC,1999,NaN,33.449735,NaN,55.9
524,GRC,2000,NaN,34.595292,NaN,56.45
525,GRC,2001,NaN,36.002957,NaN,56.325
526,GRC,2002,NaN,36.668949,NaN,57.375
527,GRC,2003,NaN,38.283271,NaN,58.5
528,GRC,2020,NaN,34.262803,NaN,53.675
529,HUN,1991,NaN,16.709361,NaN,NaN
530,HUN,1992,NaN,18.085615,NaN,NaN
531,HUN,1993,NaN,19.18435,NaN,NaN
532,HUN,1994,NaN,18.828924,NaN,NaN
533,HUN,1995,NaN,21.758345,NaN,NaN
534,HUN,1996,NaN,21.841212,NaN,NaN
535,HUN,1997,NaN,22.206701,NaN,NaN
536,HUN,1998,NaN,22.974597,NaN,NaN
537,HUN,1999,NaN,23.133427,NaN,55.55
538,HUN,2000,NaN,24.269494,NaN,56.225
539,HUN,2001,NaN,25.669038,NaN,56.2
540,HUN,2002,NaN,27.129321,NaN,56.225
541,HUN,2003,NaN,28.111433,NaN,57.025
542,HUN,2004,NaN,29.798399,NaN,56.75
543,HUN,2005,NaN,31.723352,NaN,56.9
544,HUN,2020,NaN,39.28036,NaN,71.95
545,HUN,2021,NaN,39.133986,NaN,73.075
546,IRL,1970,NaN,15.537211,NaN,NaN
547,IRL,1971,NaN,16.010355,NaN,NaN
548,IRL,1972,NaN,17.413104,NaN,NaN
549,IRL,1973,NaN,18.07774,NaN,NaN
550,IRL,1974,NaN,18.887292,NaN,NaN
551,IRL,1975,NaN,20.201159,NaN,NaN
552,IRL,1976,NaN,20.718599,NaN,NaN
553,IRL,1977,NaN,22.021204,NaN,NaN
554,IRL,1978,NaN,23.554185,NaN,NaN
555,IRL,1979,NaN,23.330179,NaN,NaN
556,IRL,1980,NaN,24.719989,NaN,NaN
557,IRL,1981,NaN,26.001971,NaN,NaN
558,IRL,1982,NaN,26.796167,NaN,NaN
559,IRL,1983,NaN,27.100678,NaN,NaN
560,IRL,1984,NaN,29.062939,NaN,NaN
561,IRL,1985,NaN,29.988647,NaN,NaN
562,IRL,1986,NaN,29.549105,NaN,NaN
563,IRL,1987,NaN,31.049471,NaN,NaN
564,IRL,1988,NaN,32.526546,NaN,NaN
565,IRL,1989,NaN,34.337223,NaN,NaN
566,IRL,1990,NaN,35.880888,NaN,NaN
567,IRL,1991,NaN,37.322428,NaN,NaN
568,IRL,1992,NaN,39.193069,NaN,NaN
569,IRL,1993,NaN,40.183005,NaN,NaN
570,IRL,1994,NaN,41.157405,NaN,NaN
571,IRL,1995,NaN,43.185972,NaN,NaN
572,IRL,1996,NaN,44.912418,NaN,NaN
573,IRL,1997,NaN,47.969646,NaN,NaN
574,IRL,1998,NaN,48.971985,NaN,NaN
575,IRL,1999,NaN,51.131435,NaN,NaN
576,IRL,2000,NaN,53.79148,NaN,65.15
577,IRL,2001,NaN,55.197634,NaN,65.825
578,IRL,2002,NaN,58.128995,NaN,65.45
579,IRL,2003,NaN,59.332231,NaN,65.5
580,IRL,2019,NaN,102.388449,NaN,69.45
581,IRL,2020,NaN,111.837194,NaN,66.55
582,IRL,2021,NaN,119.965149,NaN,NaN
583,ITA,1970,NaN,25.305962,NaN,NaN
584,ITA,1971,NaN,26.437245,NaN,NaN
585,ITA,1972,NaN,27.746945,NaN,NaN
586,ITA,1973,NaN,29.55267,NaN,NaN
587,ITA,1974,NaN,31.189027,NaN,NaN
588,ITA,1975,NaN,30.761898,NaN,NaN
589,ITA,1976,NaN,32.659556,NaN,NaN
590,ITA,1977,NaN,34.014961,NaN,NaN
591,ITA,1978,NaN,35.189797,NaN,NaN
592,ITA,1979,NaN,37.006682,NaN,NaN
593,ITA,1980,NaN,37.709445,NaN,NaN
594,ITA,1981,NaN,37.930318,NaN,NaN
595,ITA,1982,NaN,37.77805,NaN,NaN
596,ITA,1983,NaN,38.111703,NaN,NaN
597,ITA,1984,NaN,39.562281,NaN,NaN
598,ITA,1985,NaN,40.363743,NaN,NaN
599,ITA,1986,NaN,41.048174,NaN,NaN
600,ITA,1987,NaN,41.833545,NaN,NaN
601,ITA,1988,NaN,43.041769,NaN,NaN
602,ITA,1989,NaN,44.572499,NaN,NaN
603,ITA,1990,NaN,45.001814,NaN,NaN
604,ITA,1991,NaN,45.022633,NaN,NaN
605,ITA,1992,NaN,45.652707,NaN,NaN
606,ITA,1993,NaN,46.516213,NaN,NaN
607,ITA,1994,NaN,48.470113,NaN,NaN
608,ITA,1995,NaN,49.907066,NaN,NaN
609,ITA,1996,NaN,49.964089,NaN,NaN
610,ITA,1997,NaN,50.886196,NaN,NaN
611,ITA,1998,NaN,50.921112,NaN,51.925
612,ITA,1999,NaN,51.279218,NaN,52.675
613,ITA,2000,NaN,52.751834,NaN,53.7
614,ITA,2001,NaN,53.105591,NaN,54.8
615,ITA,2002,NaN,52.689151,NaN,55.55
616,ITA,2003,NaN,52.31578,NaN,56.1
617,ITA,2019,NaN,53.667651,NaN,59.05
618,ITA,2020,NaN,54.878829,NaN,57.45
619,ITA,2021,NaN,54.170307,NaN,58.25
620,LUX,1970,NaN,46.34691,NaN,NaN
621,LUX,1971,NaN,46.191178,NaN,NaN
622,LUX,1972,NaN,48.488393,NaN,NaN
623,LUX,1973,NaN,52.389258,NaN,NaN
624,LUX,1974,NaN,53.828135,NaN,NaN
625,LUX,1975,NaN,50.472484,NaN,NaN
626,LUX,1976,NaN,51.33199,NaN,NaN
627,LUX,1977,NaN,52.926793,NaN,NaN
628,LUX,1978,NaN,55.969247,NaN,NaN
629,LUX,1979,NaN,57.547685,NaN,NaN
630,LUX,1980,NaN,58.183288,NaN,NaN
631,LUX,1981,NaN,58.524015,NaN,NaN
632,LUX,1982,NaN,59.973709,NaN,NaN
633,LUX,1983,NaN,62.175483,NaN,NaN
634,LUX,1984,NaN,66.197945,NaN,NaN
635,LUX,1985,NaN,66.845557,NaN,NaN
636,LUX,1986,NaN,72.187116,NaN,NaN
637,LUX,1987,NaN,73.127734,NaN,NaN
638,LUX,1988,NaN,76.060635,NaN,NaN
639,LUX,1989,NaN,81.277089,NaN,NaN
640,LUX,1990,NaN,82.14235,NaN,NaN
641,LUX,1991,NaN,86.739651,NaN,NaN
642,LUX,1992,NaN,87.073564,NaN,NaN
643,LUX,1993,NaN,88.780059,NaN,NaN
644,LUX,1994,NaN,90.948597,NaN,NaN
645,LUX,1995,NaN,89.29036,NaN,NaN
646,LUX,1996,NaN,89.521784,NaN,NaN
647,LUX,1997,NaN,90.955873,NaN,NaN
648,LUX,1998,NaN,93.057507,NaN,NaN
649,LUX,1999,NaN,96.297881,NaN,NaN
650,LUX,2000,NaN,97.459711,NaN,NaN
651,LUX,2001,NaN,95.733237,NaN,NaN
652,LUX,2002,NaN,96.465052,NaN,NaN
653,LUX,2003,NaN,97.170243,NaN,62.2
654,LUX,2004,NaN,98.973858,NaN,62.5
655,LUX,2005,NaN,99.957636,NaN,63.6
656,LUX,2006,NaN,102.035068,NaN,63.6
657,LUX,2007,NaN,104.743364,NaN,64.15
658,LUX,2008,NaN,99.685834,NaN,63.425
659,LUX,2009,NaN,99.484621,NaN,65.2
660,LUX,2010,NaN,101.160094,NaN,65.2
661,LUX,2011,NaN,99.378768,NaN,64.625
662,LUX,2012,NaN,98.989858,NaN,65.85
663,LUX,2013,NaN,100.800784,NaN,65.725
664,LUX,2014,NaN,100.550424,NaN,66.625
665,LUX,2020,NaN,100.861,NaN,67.25
666,LUX,2021,NaN,107.42966,NaN,NaN
667,NLD,1970,NaN,30.197071,NaN,NaN
668,NLD,1971,NaN,31.745281,NaN,NaN
669,NLD,1972,NaN,32.764277,NaN,NaN
670,NLD,1973,NaN,34.936802,NaN,NaN
671,NLD,1974,NaN,37.310879,NaN,NaN
672,NLD,1975,NaN,38.565128,NaN,NaN
673,NLD,1976,NaN,40.493105,NaN,NaN
674,NLD,1977,NaN,41.742758,NaN,NaN
675,NLD,1978,NaN,42.907563,NaN,NaN
676,NLD,1979,NaN,43.442551,NaN,NaN
677,NLD,1980,NaN,44.115423,NaN,NaN
678,NLD,1981,NaN,43.966274,NaN,NaN
679,NLD,1982,NaN,44.48092,NaN,NaN
680,NLD,1983,NaN,46.257534,NaN,NaN
681,NLD,1984,NaN,47.535747,NaN,NaN
682,NLD,1985,NaN,48.407746,NaN,NaN
683,NLD,1986,NaN,49.06844,NaN,NaN
684,NLD,1987,NaN,49.668798,NaN,NaN
685,NLD,1988,NaN,50.569019,NaN,NaN
686,NLD,1989,NaN,51.599894,NaN,NaN
687,NLD,1990,NaN,52.346308,NaN,NaN
688,NLD,1991,NaN,52.977604,NaN,NaN
689,NLD,1992,NaN,52.877723,NaN,NaN
690,NLD,1993,NaN,53.725864,NaN,NaN
691,NLD,1994,NaN,54.669954,NaN,NaN
692,NLD,1995,NaN,53.830722,NaN,NaN
693,NLD,1996,NaN,54.029715,NaN,NaN
694,NLD,1997,NaN,55.222705,NaN,NaN
695,NLD,1998,NaN,56.578693,NaN,NaN
696,NLD,1999,NaN,57.827451,NaN,NaN
697,NLD,2000,NaN,59.696492,NaN,72.95
698,NLD,2001,NaN,60.299505,NaN,74.125
699,NLD,2002,NaN,60.739628,NaN,74.4
700,NLD,2003,NaN,61.541637,NaN,73.65
701,NLD,2004,NaN,62.603024,NaN,73.125
702,NLD,2005,NaN,64.097939,NaN,70.625
703,NLD,2006,NaN,65.051296,NaN,71.575
704,NLD,2007,NaN,65.632495,NaN,73.45
705,NLD,2008,NaN,66.009294,NaN,74.925
706,NLD,2009,NaN,64.520326,NaN,76.175
707,NLD,2010,NaN,65.852731,NaN,75.45
708,NLD,2020,NaN,66.988588,NaN,79.3
709,NLD,2021,NaN,68.468131,NaN,80.15
710,POL,1993,NaN,14.578061,NaN,NaN
711,POL,1994,NaN,15.298607,NaN,NaN
712,POL,1995,NaN,16.531734,NaN,NaN
713,POL,1996,NaN,17.208247,NaN,NaN
714,POL,1997,NaN,18.108217,NaN,NaN
715,POL,1998,NaN,18.958022,NaN,NaN
716,POL,1999,NaN,21.182987,NaN,NaN
717,POL,2000,NaN,22.154027,NaN,54.975
718,POL,2001,NaN,23.114554,NaN,53.35
719,POL,2002,NaN,24.384977,NaN,51.475
720,POL,2003,NaN,25.411615,NaN,51.2
721,POL,2004,NaN,26.378876,NaN,51.65
722,POL,2019,NaN,41.688937,NaN,67.525
723,POL,2020,NaN,40.975613,NaN,67.8
724,PRT,1970,NaN,15.884268,NaN,NaN
725,PRT,1971,NaN,16.742211,NaN,NaN
726,PRT,1972,NaN,18.288099,NaN,NaN
727,PRT,1973,NaN,20.619838,NaN,NaN
728,PRT,1974,NaN,19.602583,NaN,NaN
729,PRT,1975,NaN,18.01865,NaN,NaN
730,PRT,1976,NaN,19.117042,NaN,NaN
731,PRT,1977,NaN,20.192174,NaN,NaN
732,PRT,1978,NaN,20.934742,NaN,NaN
733,PRT,1979,NaN,21.974077,NaN,NaN
734,PRT,1980,NaN,22.607184,NaN,NaN
735,PRT,1981,NaN,23.001586,NaN,NaN
736,PRT,1982,NaN,23.646247,NaN,NaN
737,PRT,1983,NaN,22.689251,NaN,NaN
738,PRT,1984,NaN,22.454542,NaN,NaN
739,PRT,1985,NaN,23.320772,NaN,NaN
740,PRT,1986,NaN,24.392544,NaN,NaN
741,PRT,1987,NaN,25.088153,NaN,NaN
742,PRT,1988,NaN,26.291719,NaN,NaN
743,PRT,1989,NaN,27.066936,NaN,NaN
744,PRT,1990,NaN,27.707487,NaN,NaN
745,PRT,1991,NaN,29.164906,NaN,NaN
746,PRT,1992,NaN,30.209877,NaN,NaN
747,PRT,1993,NaN,30.169923,NaN,NaN
748,PRT,1994,NaN,30.35293,NaN,NaN
749,PRT,1995,NaN,30.792879,NaN,NaN
750,PRT,1996,NaN,31.328764,NaN,NaN
751,PRT,1997,NaN,31.945256,NaN,NaN
752,PRT,1998,NaN,32.308401,NaN,66.825
753,PRT,1999,NaN,33.021921,NaN,67.525
754,PRT,2000,NaN,33.39192,NaN,68.375
755,PRT,2001,NaN,33.741433,NaN,69.0
756,PRT,2002,NaN,33.986751,NaN,68.775
757,PRT,2003,NaN,34.135504,NaN,68.0
758,PRT,2020,NaN,40.007212,NaN,68.525
759,SVK,1995,NaN,18.990242,NaN,NaN
760,SVK,1996,NaN,20.198215,NaN,NaN
761,SVK,1997,NaN,21.49578,NaN,NaN
762,SVK,1998,NaN,22.578373,NaN,NaN
763,SVK,1999,NaN,23.212316,NaN,58.1
764,SVK,2000,NaN,23.959307,NaN,56.775
765,SVK,2001,NaN,24.800374,NaN,56.825
766,SVK,2002,NaN,26.583416,NaN,56.8
767,SVK,2003,NaN,28.668581,NaN,57.725
768,SVK,2020,NaN,46.076361,NaN,69.475
769,ESP,1970,NaN,19.456709,NaN,NaN
770,ESP,1971,NaN,20.254235,NaN,NaN
771,ESP,1972,NaN,21.883542,NaN,NaN
772,ESP,1973,NaN,23.266107,NaN,NaN
773,ESP,1974,NaN,24.326676,NaN,NaN
774,ESP,1975,NaN,24.740871,NaN,NaN
775,ESP,1976,NaN,25.741652,NaN,NaN
776,ESP,1977,NaN,26.69427,NaN,NaN
777,ESP,1978,NaN,27.944322,NaN,NaN
778,ESP,1979,NaN,29.080019,NaN,NaN
779,ESP,1980,NaN,30.842335,NaN,NaN
780,ESP,1981,NaN,32.129102,NaN,NaN
781,ESP,1982,NaN,33.182738,NaN,NaN
782,ESP,1983,NaN,34.482717,NaN,NaN
783,ESP,1984,NaN,36.786388,NaN,NaN
784,ESP,1985,NaN,38.244664,NaN,NaN
785,ESP,1986,NaN,38.769527,NaN,NaN
786,ESP,1987,NaN,39.227079,NaN,NaN
787,ESP,1988,NaN,39.92217,NaN,NaN
788,ESP,1989,NaN,40.663923,NaN,NaN
789,ESP,1990,NaN,40.610334,NaN,NaN
790,ESP,1991,NaN,40.93923,NaN,NaN
791,ESP,1992,NaN,42.095182,NaN,NaN
792,ESP,1993,NaN,43.075286,NaN,NaN
793,ESP,1994,NaN,44.336893,NaN,NaN
794,ESP,1995,NaN,44.707713,NaN,NaN
795,ESP,1996,NaN,45.202826,NaN,NaN
796,ESP,1997,NaN,45.127254,NaN,NaN
797,ESP,1998,NaN,44.914611,NaN,NaN
798,ESP,1999,NaN,44.756285,NaN,53.85
799,ESP,2000,NaN,44.96434,NaN,56.275
800,ESP,2001,NaN,45.03635,NaN,57.825
801,ESP,2002,NaN,45.106207,NaN,58.925
802,ESP,2003,NaN,45.24043,NaN,60.175
803,ESP,2004,NaN,45.385456,NaN,61.325
804,ESP,2005,NaN,45.562728,NaN,63.55
805,ESP,2006,NaN,45.829181,NaN,65.025
806,ESP,2020,NaN,52.253121,NaN,60.95
807,ESP,2021,NaN,51.226547,NaN,62.725
808,SWE,1970,NaN,30.206157,NaN,NaN
809,SWE,1971,NaN,31.127651,NaN,NaN
810,SWE,1972,NaN,32.497715,NaN,NaN
811,SWE,1973,NaN,34.000922,NaN,NaN
812,SWE,1974,NaN,34.804306,NaN,NaN
813,SWE,1975,NaN,35.534957,NaN,NaN
814,SWE,1976,NaN,35.500445,NaN,NaN
815,SWE,1977,NaN,35.610328,NaN,NaN
816,SWE,1978,NaN,36.955464,NaN,NaN
817,SWE,1979,NaN,38.157216,NaN,NaN
818,SWE,1980,NaN,38.351998,NaN,NaN
819,SWE,1981,NaN,38.68891,NaN,NaN
820,SWE,1982,NaN,38.877849,NaN,NaN
821,SWE,1983,NaN,39.271798,NaN,NaN
822,SWE,1984,NaN,40.507687,NaN,NaN
823,SWE,1985,NaN,40.87299,NaN,NaN
824,SWE,1986,NaN,41.775158,NaN,NaN
825,SWE,1987,NaN,42.560488,NaN,NaN
826,SWE,1988,NaN,42.515013,NaN,NaN
827,SWE,1989,NaN,43.046645,NaN,NaN
828,SWE,1990,NaN,43.065544,NaN,NaN
829,SWE,1991,NaN,43.618098,NaN,NaN
830,SWE,1992,NaN,44.583207,NaN,NaN
831,SWE,1993,NaN,45.56177,NaN,NaN
832,SWE,1994,NaN,46.707471,NaN,NaN
833,SWE,1995,NaN,47.578617,NaN,NaN
834,SWE,1996,NaN,48.395512,NaN,NaN
835,SWE,1997,NaN,50.360522,NaN,NaN
836,SWE,1998,NaN,51.691363,NaN,NaN
837,SWE,1999,NaN,52.468657,NaN,NaN
838,SWE,2000,NaN,54.375144,NaN,NaN
839,SWE,2001,NaN,54.797151,NaN,74.05
840,SWE,2002,NaN,56.754132,NaN,73.625
841,SWE,2003,NaN,58.928846,NaN,72.875
842,SWE,2004,NaN,60.978577,NaN,72.05
843,SWE,2005,NaN,62.707178,NaN,72.3
844,SWE,2006,NaN,64.541247,NaN,73.125
845,SWE,2007,NaN,64.701634,NaN,74.175
846,SWE,2008,NaN,63.575092,NaN,74.325
847,SWE,2009,NaN,62.666044,NaN,71.65
848,SWE,2010,NaN,64.863053,NaN,71.6
849,SWE,2011,NaN,65.418685,NaN,73.1
850,SWE,2012,NaN,65.083663,NaN,73.275
851,SWE,2020,NaN,70.525509,NaN,74.875
852,EST,2000,NaN,21.155461,NaN,60.275
853,EST,2001,NaN,22.383,NaN,61.075
854,EST,2002,NaN,23.877254,NaN,61.325
855,EST,2003,NaN,25.086689,NaN,62.95
856,EST,2004,NaN,26.787249,NaN,63.15
857,EST,2005,NaN,28.37254,NaN,64.825
858,EST,2006,NaN,29.802344,NaN,68.425
859,EST,2007,NaN,32.051758,NaN,69.725
860,EST,2008,NaN,30.93992,NaN,70.075
861,EST,2009,NaN,31.588678,NaN,64.2
862,EST,2010,NaN,33.2806,NaN,61.95
863,EST,2011,NaN,32.733169,NaN,65.7
864,EST,2012,NaN,33.822894,NaN,67.975
865,EST,2020,NaN,41.760009,NaN,73.975
866,SVN,1995,NaN,24.696415,NaN,NaN
867,SVN,1996,NaN,26.425819,NaN,NaN
868,SVN,1997,NaN,28.48187,NaN,NaN
869,SVN,1998,NaN,29.222361,NaN,NaN
870,SVN,1999,NaN,30.282513,NaN,62.2
871,SVN,2000,NaN,31.263905,NaN,62.85
872,SVN,2001,NaN,32.355075,NaN,63.8
873,SVN,2002,NaN,32.497236,NaN,63.45
874,SVN,2003,NaN,33.50062,NaN,62.575
875,SVN,2020,NaN,45.704734,NaN,70.05
876,LVA,2000,NaN,18.073126,NaN,NaN
877,LVA,2001,NaN,18.80082,NaN,NaN
878,LVA,2002,NaN,20.348649,NaN,59.95
879,LVA,2003,NaN,22.042334,NaN,60.75
880,LVA,2020,NaN,38.693729,NaN,71.475
881,LTU,1995,NaN,15.988801,NaN,NaN
882,LTU,1996,NaN,16.679871,NaN,NaN
883,LTU,1997,NaN,17.897998,NaN,NaN
884,LTU,1998,NaN,18.881262,NaN,NaN
885,LTU,1999,NaN,19.674674,NaN,NaN
886,LTU,2000,NaN,19.919349,NaN,NaN
887,LTU,2001,NaN,22.233444,NaN,NaN
888,LTU,2002,NaN,23.280649,NaN,NaN
889,LTU,2003,NaN,25.402728,NaN,NaN
890,LTU,2020,NaN,44.611804,NaN,71.625
891,BEL,2021,NaN,NaN,NaN,65.3
892,DNK,2021,NaN,NaN,NaN,75.475
893,FIN,2021,NaN,NaN,NaN,72.65
894,POL,2021,NaN,NaN,NaN,70.3
895,PRT,2021,NaN,NaN,NaN,70.15
896,SVK,2021,NaN,NaN,NaN,69.45
897,SWE,2021,NaN,NaN,NaN,75.375
898,EST,2021,NaN,NaN,NaN,73.975
899,SVN,2021,NaN,NaN,NaN,71.45
900,LVA,2021,NaN,NaN,NaN,69.85
901,LTU,2021,NaN,NaN,NaN,72.425
